year,month,county,party,registered,source_url
2024,1,ALLEGANY,Democratic,11367,local://MSR-2024_01.pdf
2024,1,ANNE ARUNDEL,Democratic,174068,local://MSR-2024_01.pdf
2024,1,BALTIMORE CITY,Democratic,296532,local://MSR-2024_01.pdf
2024,1,BALTIMORE CO.,Democratic,307691,local://MSR-2024_01.pdf
2024,1,CALVERT,Democratic,23557,local://MSR-2024_01.pdf
2024,1,CAROLINE,Democratic,6091,local://MSR-2024_01.pdf
2024,1,CARROLL,Democratic,33300,local://MSR-2024_01.pdf
2024,1,CECIL,Democratic,20130,local://MSR-2024_01.pdf
2024,1,CHARLES,Democratic,74781,local://MSR-2024_01.pdf
2024,1,DORCHESTER,Democratic,9520,local://MSR-2024_01.pdf
2024,1,FREDERICK,Democratic,77559,local://MSR-2024_01.pdf
2024,1,GARRETT,Democratic,3602,local://MSR-2024_01.pdf
2024,1,HARFORD,Democratic,64624,local://MSR-2024_01.pdf
2024,1,HOWARD,Democratic,121417,local://MSR-2024_01.pdf
2024,1,KENT,Democratic,5780,local://MSR-2024_01.pdf
2024,1,MONTGOMERY,Democratic,406622,local://MSR-2024_01.pdf
2024,1,PR. GEORGE'S,Democratic,454604,local://MSR-2024_01.pdf
2024,1,QUEEN ANNE'S,Democratic,11085,local://MSR-2024_01.pdf
2024,1,ST. MARY'S,Democratic,25000,local://MSR-2024_01.pdf
2024,1,SOMERSET,Democratic,5481,local://MSR-2024_01.pdf
2024,1,TALBOT,Democratic,10667,local://MSR-2024_01.pdf
2024,1,WASHINGTON,Democratic,30981,local://MSR-2024_01.pdf
2024,1,WICOMICO,Democratic,26377,local://MSR-2024_01.pdf
2024,1,WORCESTER,Democratic,13611,local://MSR-2024_01.pdf
2024,1,ALLEGANY,Republican,22907,local://MSR-2024_01.pdf
2024,1,ANNE ARUNDEL,Republican,129158,local://MSR-2024_01.pdf
2024,1,BALTIMORE CITY,Republican,28113,local://MSR-2024_01.pdf
2024,1,BALTIMORE CO.,Republican,136739,local://MSR-2024_01.pdf
2024,1,CALVERT,Republican,27977,local://MSR-2024_01.pdf
2024,1,CAROLINE,Republican,10671,local://MSR-2024_01.pdf
2024,1,CARROLL,Republican,63380,local://MSR-2024_01.pdf
2024,1,CECIL,Republican,32884,local://MSR-2024_01.pdf
2024,1,CHARLES,Republican,22870,local://MSR-2024_01.pdf
2024,1,DORCHESTER,Republican,9165,local://MSR-2024_01.pdf
2024,1,FREDERICK,Republican,67614,local://MSR-2024_01.pdf
2024,1,GARRETT,Republican,13736,local://MSR-2024_01.pdf
2024,1,HARFORD,Republican,80276,local://MSR-2024_01.pdf
2024,1,HOWARD,Republican,48105,local://MSR-2024_01.pdf
2024,1,KENT,Republican,5251,local://MSR-2024_01.pdf
2024,1,MONTGOMERY,Republican,96478,local://MSR-2024_01.pdf
2024,1,PR. GEORGE'S,Republican,37744,local://MSR-2024_01.pdf
2024,1,QUEEN ANNE'S,Republican,19985,local://MSR-2024_01.pdf
2024,1,ST. MARY'S,Republican,31814,local://MSR-2024_01.pdf
2024,1,SOMERSET,Republican,6115,local://MSR-2024_01.pdf
2024,1,TALBOT,Republican,11671,local://MSR-2024_01.pdf
2024,1,WASHINGTON,Republican,44088,local://MSR-2024_01.pdf
2024,1,WICOMICO,Republican,23971,local://MSR-2024_01.pdf
2024,1,WORCESTER,Republican,19425,local://MSR-2024_01.pdf
2024,1,ALLEGANY,Green,0,local://MSR-2024_01.pdf
2024,1,ANNE ARUNDEL,Green,0,local://MSR-2024_01.pdf
2024,1,BALTIMORE CITY,Green,0,local://MSR-2024_01.pdf
2024,1,BALTIMORE CO.,Green,0,local://MSR-2024_01.pdf
2024,1,CALVERT,Green,0,local://MSR-2024_01.pdf
2024,1,CAROLINE,Green,0,local://MSR-2024_01.pdf
2024,1,CARROLL,Green,0,local://MSR-2024_01.pdf
2024,1,CECIL,Green,0,local://MSR-2024_01.pdf
2024,1,CHARLES,Green,1,local://MSR-2024_01.pdf
2024,1,DORCHESTER,Green,0,local://MSR-2024_01.pdf
2024,1,FREDERICK,Green,0,local://MSR-2024_01.pdf
2024,1,GARRETT,Green,0,local://MSR-2024_01.pdf
2024,1,HARFORD,Green,0,local://MSR-2024_01.pdf
2024,1,HOWARD,Green,0,local://MSR-2024_01.pdf
2024,1,KENT,Green,0,local://MSR-2024_01.pdf
2024,1,MONTGOMERY,Green,0,local://MSR-2024_01.pdf
2024,1,PR. GEORGE'S,Green,0,local://MSR-2024_01.pdf
2024,1,QUEEN ANNE'S,Green,0,local://MSR-2024_01.pdf
2024,1,ST. MARY'S,Green,0,local://MSR-2024_01.pdf
2024,1,SOMERSET,Green,0,local://MSR-2024_01.pdf
2024,1,TALBOT,Green,0,local://MSR-2024_01.pdf
2024,1,WASHINGTON,Green,0,local://MSR-2024_01.pdf
2024,1,WICOMICO,Green,0,local://MSR-2024_01.pdf
2024,1,WORCESTER,Green,0,local://MSR-2024_01.pdf
2024,1,ALLEGANY,Working Class,256,local://MSR-2024_01.pdf
2024,1,ANNE ARUNDEL,Working Class,2452,local://MSR-2024_01.pdf
2024,1,BALTIMORE CITY,Working Class,1153,local://MSR-2024_01.pdf
2024,1,BALTIMORE CO.,Working Class,2621,local://MSR-2024_01.pdf
2024,1,CALVERT,Working Class,458,local://MSR-2024_01.pdf
2024,1,CAROLINE,Working Class,123,local://MSR-2024_01.pdf
2024,1,CARROLL,Working Class,853,local://MSR-2024_01.pdf
2024,1,CECIL,Working Class,482,local://MSR-2024_01.pdf
2024,1,CHARLES,Working Class,440,local://MSR-2024_01.pdf
2024,1,DORCHESTER,Working Class,113,local://MSR-2024_01.pdf
2024,1,FREDERICK,Working Class,1220,local://MSR-2024_01.pdf
2024,1,GARRETT,Working Class,114,local://MSR-2024_01.pdf
2024,1,HARFORD,Working Class,1238,local://MSR-2024_01.pdf
2024,1,HOWARD,Working Class,955,local://MSR-2024_01.pdf
2024,1,KENT,Working Class,66,local://MSR-2024_01.pdf
2024,1,MONTGOMERY,Working Class,2290,local://MSR-2024_01.pdf
2024,1,PR. GEORGE'S,Working Class,1487,local://MSR-2024_01.pdf
2024,1,QUEEN ANNE'S,Working Class,230,local://MSR-2024_01.pdf
2024,1,ST. MARY'S,Working Class,488,local://MSR-2024_01.pdf
2024,1,SOMERSET,Working Class,66,local://MSR-2024_01.pdf
2024,1,TALBOT,Working Class,155,local://MSR-2024_01.pdf
2024,1,WASHINGTON,Working Class,642,local://MSR-2024_01.pdf
2024,1,WICOMICO,Working Class,358,local://MSR-2024_01.pdf
2024,1,WORCESTER,Working Class,230,local://MSR-2024_01.pdf
2024,1,ALLEGANY,Unaffiliated,8886,local://MSR-2024_01.pdf
2024,1,ANNE ARUNDEL,Unaffiliated,103905,local://MSR-2024_01.pdf
2024,1,BALTIMORE CITY,Unaffiliated,61252,local://MSR-2024_01.pdf
2024,1,BALTIMORE CO.,Unaffiliated,115864,local://MSR-2024_01.pdf
2024,1,CALVERT,Unaffiliated,16222,local://MSR-2024_01.pdf
2024,1,CAROLINE,Unaffiliated,4843,local://MSR-2024_01.pdf
2024,1,CARROLL,Unaffiliated,30051,local://MSR-2024_01.pdf
2024,1,CECIL,Unaffiliated,17619,local://MSR-2024_01.pdf
2024,1,CHARLES,Unaffiliated,23894,local://MSR-2024_01.pdf
2024,1,DORCHESTER,Unaffiliated,4144,local://MSR-2024_01.pdf
2024,1,FREDERICK,Unaffiliated,52074,local://MSR-2024_01.pdf
2024,1,GARRETT,Unaffiliated,3048,local://MSR-2024_01.pdf
2024,1,HARFORD,Unaffiliated,43971,local://MSR-2024_01.pdf
2024,1,HOWARD,Unaffiliated,60900,local://MSR-2024_01.pdf
2024,1,KENT,Unaffiliated,2748,local://MSR-2024_01.pdf
2024,1,MONTGOMERY,Unaffiliated,166632,local://MSR-2024_01.pdf
2024,1,PR. GEORGE'S,Unaffiliated,94187,local://MSR-2024_01.pdf
2024,1,QUEEN ANNE'S,Unaffiliated,8725,local://MSR-2024_01.pdf
2024,1,ST. MARY'S,Unaffiliated,17644,local://MSR-2024_01.pdf
2024,1,SOMERSET,Unaffiliated,2464,local://MSR-2024_01.pdf
2024,1,TALBOT,Unaffiliated,6005,local://MSR-2024_01.pdf
2024,1,WASHINGTON,Unaffiliated,23464,local://MSR-2024_01.pdf
2024,1,WICOMICO,Unaffiliated,14530,local://MSR-2024_01.pdf
2024,1,WORCESTER,Unaffiliated,8965,local://MSR-2024_01.pdf
2024,1,ALLEGANY,Other,568,local://MSR-2024_01.pdf
2024,1,ANNE ARUNDEL,Other,4276,local://MSR-2024_01.pdf
2024,1,BALTIMORE CITY,Other,5853,local://MSR-2024_01.pdf
2024,1,BALTIMORE CO.,Other,7812,local://MSR-2024_01.pdf
2024,1,CALVERT,Other,730,local://MSR-2024_01.pdf
2024,1,CAROLINE,Other,257,local://MSR-2024_01.pdf
2024,1,CARROLL,Other,1336,local://MSR-2024_01.pdf
2024,1,CECIL,Other,928,local://MSR-2024_01.pdf
2024,1,CHARLES,Other,1197,local://MSR-2024_01.pdf
2024,1,DORCHESTER,Other,259,local://MSR-2024_01.pdf
2024,1,FREDERICK,Other,1736,local://MSR-2024_01.pdf
2024,1,GARRETT,Other,203,local://MSR-2024_01.pdf
2024,1,HARFORD,Other,2217,local://MSR-2024_01.pdf
2024,1,HOWARD,Other,2502,local://MSR-2024_01.pdf
2024,1,KENT,Other,146,local://MSR-2024_01.pdf
2024,1,MONTGOMERY,Other,7136,local://MSR-2024_01.pdf
2024,1,PR. GEORGE'S,Other,12405,local://MSR-2024_01.pdf
2024,1,QUEEN ANNE'S,Other,395,local://MSR-2024_01.pdf
2024,1,ST. MARY'S,Other,834,local://MSR-2024_01.pdf
2024,1,SOMERSET,Other,163,local://MSR-2024_01.pdf
2024,1,TALBOT,Other,280,local://MSR-2024_01.pdf
2024,1,WASHINGTON,Other,1150,local://MSR-2024_01.pdf
2024,1,WICOMICO,Other,896,local://MSR-2024_01.pdf
2024,1,WORCESTER,Other,568,local://MSR-2024_01.pdf
2024,2,ALLEGANY,Democratic,10964,local://MSR-2024_02.pdf
2024,2,ANNE ARUNDEL,Democratic,172633,local://MSR-2024_02.pdf
2024,2,BALTIMORE CITY,Democratic,295429,local://MSR-2024_02.pdf
2024,2,BALTIMORE CO.,Democratic,306665,local://MSR-2024_02.pdf
2024,2,CALVERT,Democratic,23448,local://MSR-2024_02.pdf
2024,2,CAROLINE,Democratic,6070,local://MSR-2024_02.pdf
2024,2,CARROLL,Democratic,33162,local://MSR-2024_02.pdf
2024,2,CECIL,Democratic,19684,local://MSR-2024_02.pdf
2024,2,CHARLES,Democratic,74747,local://MSR-2024_02.pdf
2024,2,DORCHESTER,Democratic,9502,local://MSR-2024_02.pdf
2024,2,FREDERICK,Democratic,77501,local://MSR-2024_02.pdf
2024,2,GARRETT,Democratic,3545,local://MSR-2024_02.pdf
2024,2,HARFORD,Democratic,64423,local://MSR-2024_02.pdf
2024,2,HOWARD,Democratic,121200,local://MSR-2024_02.pdf
2024,2,KENT,Democratic,5772,local://MSR-2024_02.pdf
2024,2,MONTGOMERY,Democratic,406131,local://MSR-2024_02.pdf
2024,2,PR. GEORGE'S,Democratic,453715,local://MSR-2024_02.pdf
2024,2,QUEEN ANNE'S,Democratic,11049,local://MSR-2024_02.pdf
2024,2,ST. MARY'S,Democratic,24711,local://MSR-2024_02.pdf
2024,2,SOMERSET,Democratic,5447,local://MSR-2024_02.pdf
2024,2,TALBOT,Democratic,10540,local://MSR-2024_02.pdf
2024,2,WASHINGTON,Democratic,30823,local://MSR-2024_02.pdf
2024,2,WICOMICO,Democratic,26300,local://MSR-2024_02.pdf
2024,2,WORCESTER,Democratic,13578,local://MSR-2024_02.pdf
2024,2,ALLEGANY,Republican,22584,local://MSR-2024_02.pdf
2024,2,ANNE ARUNDEL,Republican,128754,local://MSR-2024_02.pdf
2024,2,BALTIMORE CITY,Republican,28148,local://MSR-2024_02.pdf
2024,2,BALTIMORE CO.,Republican,136855,local://MSR-2024_02.pdf
2024,2,CALVERT,Republican,27960,local://MSR-2024_02.pdf
2024,2,CAROLINE,Republican,10680,local://MSR-2024_02.pdf
2024,2,CARROLL,Republican,63402,local://MSR-2024_02.pdf
2024,2,CECIL,Republican,33267,local://MSR-2024_02.pdf
2024,2,CHARLES,Republican,22907,local://MSR-2024_02.pdf
2024,2,DORCHESTER,Republican,9191,local://MSR-2024_02.pdf
2024,2,FREDERICK,Republican,67799,local://MSR-2024_02.pdf
2024,2,GARRETT,Republican,13672,local://MSR-2024_02.pdf
2024,2,HARFORD,Republican,80394,local://MSR-2024_02.pdf
2024,2,HOWARD,Republican,48118,local://MSR-2024_02.pdf
2024,2,KENT,Republican,5266,local://MSR-2024_02.pdf
2024,2,MONTGOMERY,Republican,97384,local://MSR-2024_02.pdf
2024,2,PR. GEORGE'S,Republican,38016,local://MSR-2024_02.pdf
2024,2,QUEEN ANNE'S,Republican,20007,local://MSR-2024_02.pdf
2024,2,ST. MARY'S,Republican,31794,local://MSR-2024_02.pdf
2024,2,SOMERSET,Republican,6122,local://MSR-2024_02.pdf
2024,2,TALBOT,Republican,11592,local://MSR-2024_02.pdf
2024,2,WASHINGTON,Republican,44050,local://MSR-2024_02.pdf
2024,2,WICOMICO,Republican,23972,local://MSR-2024_02.pdf
2024,2,WORCESTER,Republican,19463,local://MSR-2024_02.pdf
2024,2,ALLEGANY,Green,0,local://MSR-2024_02.pdf
2024,2,ANNE ARUNDEL,Green,7,local://MSR-2024_02.pdf
2024,2,BALTIMORE CITY,Green,9,local://MSR-2024_02.pdf
2024,2,BALTIMORE CO.,Green,16,local://MSR-2024_02.pdf
2024,2,CALVERT,Green,2,local://MSR-2024_02.pdf
2024,2,CAROLINE,Green,1,local://MSR-2024_02.pdf
2024,2,CARROLL,Green,1,local://MSR-2024_02.pdf
2024,2,CECIL,Green,1,local://MSR-2024_02.pdf
2024,2,CHARLES,Green,3,local://MSR-2024_02.pdf
2024,2,DORCHESTER,Green,0,local://MSR-2024_02.pdf
2024,2,FREDERICK,Green,8,local://MSR-2024_02.pdf
2024,2,GARRETT,Green,0,local://MSR-2024_02.pdf
2024,2,HARFORD,Green,2,local://MSR-2024_02.pdf
2024,2,HOWARD,Green,8,local://MSR-2024_02.pdf
2024,2,KENT,Green,0,local://MSR-2024_02.pdf
2024,2,MONTGOMERY,Green,9,local://MSR-2024_02.pdf
2024,2,PR. GEORGE'S,Green,15,local://MSR-2024_02.pdf
2024,2,QUEEN ANNE'S,Green,1,local://MSR-2024_02.pdf
2024,2,ST. MARY'S,Green,2,local://MSR-2024_02.pdf
2024,2,SOMERSET,Green,0,local://MSR-2024_02.pdf
2024,2,TALBOT,Green,0,local://MSR-2024_02.pdf
2024,2,WASHINGTON,Green,1,local://MSR-2024_02.pdf
2024,2,WICOMICO,Green,2,local://MSR-2024_02.pdf
2024,2,WORCESTER,Green,1,local://MSR-2024_02.pdf
2024,2,ALLEGANY,Working Class,260,local://MSR-2024_02.pdf
2024,2,ANNE ARUNDEL,Working Class,2472,local://MSR-2024_02.pdf
2024,2,BALTIMORE CITY,Working Class,1158,local://MSR-2024_02.pdf
2024,2,BALTIMORE CO.,Working Class,2659,local://MSR-2024_02.pdf
2024,2,CALVERT,Working Class,462,local://MSR-2024_02.pdf
2024,2,CAROLINE,Working Class,126,local://MSR-2024_02.pdf
2024,2,CARROLL,Working Class,859,local://MSR-2024_02.pdf
2024,2,CECIL,Working Class,483,local://MSR-2024_02.pdf
2024,2,CHARLES,Working Class,442,local://MSR-2024_02.pdf
2024,2,DORCHESTER,Working Class,112,local://MSR-2024_02.pdf
2024,2,FREDERICK,Working Class,1233,local://MSR-2024_02.pdf
2024,2,GARRETT,Working Class,111,local://MSR-2024_02.pdf
2024,2,HARFORD,Working Class,1244,local://MSR-2024_02.pdf
2024,2,HOWARD,Working Class,964,local://MSR-2024_02.pdf
2024,2,KENT,Working Class,69,local://MSR-2024_02.pdf
2024,2,MONTGOMERY,Working Class,2331,local://MSR-2024_02.pdf
2024,2,PR. GEORGE'S,Working Class,1511,local://MSR-2024_02.pdf
2024,2,QUEEN ANNE'S,Working Class,232,local://MSR-2024_02.pdf
2024,2,ST. MARY'S,Working Class,483,local://MSR-2024_02.pdf
2024,2,SOMERSET,Working Class,65,local://MSR-2024_02.pdf
2024,2,TALBOT,Working Class,155,local://MSR-2024_02.pdf
2024,2,WASHINGTON,Working Class,646,local://MSR-2024_02.pdf
2024,2,WICOMICO,Working Class,357,local://MSR-2024_02.pdf
2024,2,WORCESTER,Working Class,230,local://MSR-2024_02.pdf
2024,2,ALLEGANY,Unaffiliated,8940,local://MSR-2024_02.pdf
2024,2,ANNE ARUNDEL,Unaffiliated,104664,local://MSR-2024_02.pdf
2024,2,BALTIMORE CITY,Unaffiliated,61422,local://MSR-2024_02.pdf
2024,2,BALTIMORE CO.,Unaffiliated,116837,local://MSR-2024_02.pdf
2024,2,CALVERT,Unaffiliated,16321,local://MSR-2024_02.pdf
2024,2,CAROLINE,Unaffiliated,4852,local://MSR-2024_02.pdf
2024,2,CARROLL,Unaffiliated,30203,local://MSR-2024_02.pdf
2024,2,CECIL,Unaffiliated,17611,local://MSR-2024_02.pdf
2024,2,CHARLES,Unaffiliated,24136,local://MSR-2024_02.pdf
2024,2,DORCHESTER,Unaffiliated,4177,local://MSR-2024_02.pdf
2024,2,FREDERICK,Unaffiliated,52608,local://MSR-2024_02.pdf
2024,2,GARRETT,Unaffiliated,3069,local://MSR-2024_02.pdf
2024,2,HARFORD,Unaffiliated,44372,local://MSR-2024_02.pdf
2024,2,HOWARD,Unaffiliated,61380,local://MSR-2024_02.pdf
2024,2,KENT,Unaffiliated,2761,local://MSR-2024_02.pdf
2024,2,MONTGOMERY,Unaffiliated,169295,local://MSR-2024_02.pdf
2024,2,PR. GEORGE'S,Unaffiliated,95630,local://MSR-2024_02.pdf
2024,2,QUEEN ANNE'S,Unaffiliated,8777,local://MSR-2024_02.pdf
2024,2,ST. MARY'S,Unaffiliated,17789,local://MSR-2024_02.pdf
2024,2,SOMERSET,Unaffiliated,2493,local://MSR-2024_02.pdf
2024,2,TALBOT,Unaffiliated,6012,local://MSR-2024_02.pdf
2024,2,WASHINGTON,Unaffiliated,23632,local://MSR-2024_02.pdf
2024,2,WICOMICO,Unaffiliated,14667,local://MSR-2024_02.pdf
2024,2,WORCESTER,Unaffiliated,9011,local://MSR-2024_02.pdf
2024,2,ALLEGANY,Other,570,local://MSR-2024_02.pdf
2024,2,ANNE ARUNDEL,Other,4312,local://MSR-2024_02.pdf
2024,2,BALTIMORE CITY,Other,5844,local://MSR-2024_02.pdf
2024,2,BALTIMORE CO.,Other,7849,local://MSR-2024_02.pdf
2024,2,CALVERT,Other,734,local://MSR-2024_02.pdf
2024,2,CAROLINE,Other,261,local://MSR-2024_02.pdf
2024,2,CARROLL,Other,1345,local://MSR-2024_02.pdf
2024,2,CECIL,Other,929,local://MSR-2024_02.pdf
2024,2,CHARLES,Other,1209,local://MSR-2024_02.pdf
2024,2,DORCHESTER,Other,259,local://MSR-2024_02.pdf
2024,2,FREDERICK,Other,1729,local://MSR-2024_02.pdf
2024,2,GARRETT,Other,207,local://MSR-2024_02.pdf
2024,2,HARFORD,Other,2231,local://MSR-2024_02.pdf
2024,2,HOWARD,Other,2504,local://MSR-2024_02.pdf
2024,2,KENT,Other,144,local://MSR-2024_02.pdf
2024,2,MONTGOMERY,Other,7198,local://MSR-2024_02.pdf
2024,2,PR. GEORGE'S,Other,12464,local://MSR-2024_02.pdf
2024,2,QUEEN ANNE'S,Other,394,local://MSR-2024_02.pdf
2024,2,ST. MARY'S,Other,841,local://MSR-2024_02.pdf
2024,2,SOMERSET,Other,166,local://MSR-2024_02.pdf
2024,2,TALBOT,Other,276,local://MSR-2024_02.pdf
2024,2,WASHINGTON,Other,1167,local://MSR-2024_02.pdf
2024,2,WICOMICO,Other,901,local://MSR-2024_02.pdf
2024,2,WORCESTER,Other,570,local://MSR-2024_02.pdf
2024,3,ALLEGANY,Democratic,10946,local://MSR-2024_03.pdf
2024,3,ANNE ARUNDEL,Democratic,172730,local://MSR-2024_03.pdf
2024,3,BALTIMORE CITY,Democratic,296108,local://MSR-2024_03.pdf
2024,3,BALTIMORE CO.,Democratic,306276,local://MSR-2024_03.pdf
2024,3,CALVERT,Democratic,23477,local://MSR-2024_03.pdf
2024,3,CAROLINE,Democratic,6064,local://MSR-2024_03.pdf
2024,3,CARROLL,Democratic,33173,local://MSR-2024_03.pdf
2024,3,CECIL,Democratic,19520,local://MSR-2024_03.pdf
2024,3,CHARLES,Democratic,74828,local://MSR-2024_03.pdf
2024,3,DORCHESTER,Democratic,9521,local://MSR-2024_03.pdf
2024,3,FREDERICK,Democratic,77554,local://MSR-2024_03.pdf
2024,3,GARRETT,Democratic,3536,local://MSR-2024_03.pdf
2024,3,HARFORD,Democratic,64422,local://MSR-2024_03.pdf
2024,3,HOWARD,Democratic,121196,local://MSR-2024_03.pdf
2024,3,KENT,Democratic,5770,local://MSR-2024_03.pdf
2024,3,MONTGOMERY,Democratic,406206,local://MSR-2024_03.pdf
2024,3,PR. GEORGE'S,Democratic,454311,local://MSR-2024_03.pdf
2024,3,QUEEN ANNE'S,Democratic,11031,local://MSR-2024_03.pdf
2024,3,ST. MARY'S,Democratic,24800,local://MSR-2024_03.pdf
2024,3,SOMERSET,Democratic,5440,local://MSR-2024_03.pdf
2024,3,TALBOT,Democratic,10543,local://MSR-2024_03.pdf
2024,3,WASHINGTON,Democratic,30839,local://MSR-2024_03.pdf
2024,3,WICOMICO,Democratic,26203,local://MSR-2024_03.pdf
2024,3,WORCESTER,Democratic,13601,local://MSR-2024_03.pdf
2024,3,ALLEGANY,Republican,22648,local://MSR-2024_03.pdf
2024,3,ANNE ARUNDEL,Republican,128951,local://MSR-2024_03.pdf
2024,3,BALTIMORE CITY,Republican,28400,local://MSR-2024_03.pdf
2024,3,BALTIMORE CO.,Republican,137055,local://MSR-2024_03.pdf
2024,3,CALVERT,Republican,28049,local://MSR-2024_03.pdf
2024,3,CAROLINE,Republican,10702,local://MSR-2024_03.pdf
2024,3,CARROLL,Republican,63488,local://MSR-2024_03.pdf
2024,3,CECIL,Republican,33771,local://MSR-2024_03.pdf
2024,3,CHARLES,Republican,22962,local://MSR-2024_03.pdf
2024,3,DORCHESTER,Republican,9229,local://MSR-2024_03.pdf
2024,3,FREDERICK,Republican,67917,local://MSR-2024_03.pdf
2024,3,GARRETT,Republican,13710,local://MSR-2024_03.pdf
2024,3,HARFORD,Republican,80499,local://MSR-2024_03.pdf
2024,3,HOWARD,Republican,48131,local://MSR-2024_03.pdf
2024,3,KENT,Republican,5297,local://MSR-2024_03.pdf
2024,3,MONTGOMERY,Republican,97862,local://MSR-2024_03.pdf
2024,3,PR. GEORGE'S,Republican,38492,local://MSR-2024_03.pdf
2024,3,QUEEN ANNE'S,Republican,20046,local://MSR-2024_03.pdf
2024,3,ST. MARY'S,Republican,31918,local://MSR-2024_03.pdf
2024,3,SOMERSET,Republican,6136,local://MSR-2024_03.pdf
2024,3,TALBOT,Republican,11631,local://MSR-2024_03.pdf
2024,3,WASHINGTON,Republican,44200,local://MSR-2024_03.pdf
2024,3,WICOMICO,Republican,23950,local://MSR-2024_03.pdf
2024,3,WORCESTER,Republican,19485,local://MSR-2024_03.pdf
2024,3,ALLEGANY,Green,0,local://MSR-2024_03.pdf
2024,3,ANNE ARUNDEL,Green,16,local://MSR-2024_03.pdf
2024,3,BALTIMORE CITY,Green,26,local://MSR-2024_03.pdf
2024,3,BALTIMORE CO.,Green,33,local://MSR-2024_03.pdf
2024,3,CALVERT,Green,5,local://MSR-2024_03.pdf
2024,3,CAROLINE,Green,1,local://MSR-2024_03.pdf
2024,3,CARROLL,Green,4,local://MSR-2024_03.pdf
2024,3,CECIL,Green,3,local://MSR-2024_03.pdf
2024,3,CHARLES,Green,10,local://MSR-2024_03.pdf
2024,3,DORCHESTER,Green,0,local://MSR-2024_03.pdf
2024,3,FREDERICK,Green,12,local://MSR-2024_03.pdf
2024,3,GARRETT,Green,0,local://MSR-2024_03.pdf
2024,3,HARFORD,Green,5,local://MSR-2024_03.pdf
2024,3,HOWARD,Green,19,local://MSR-2024_03.pdf
2024,3,KENT,Green,0,local://MSR-2024_03.pdf
2024,3,MONTGOMERY,Green,55,local://MSR-2024_03.pdf
2024,3,PR. GEORGE'S,Green,33,local://MSR-2024_03.pdf
2024,3,QUEEN ANNE'S,Green,2,local://MSR-2024_03.pdf
2024,3,ST. MARY'S,Green,6,local://MSR-2024_03.pdf
2024,3,SOMERSET,Green,0,local://MSR-2024_03.pdf
2024,3,TALBOT,Green,0,local://MSR-2024_03.pdf
2024,3,WASHINGTON,Green,2,local://MSR-2024_03.pdf
2024,3,WICOMICO,Green,1,local://MSR-2024_03.pdf
2024,3,WORCESTER,Green,1,local://MSR-2024_03.pdf
2024,3,ALLEGANY,Working Class,261,local://MSR-2024_03.pdf
2024,3,ANNE ARUNDEL,Working Class,2496,local://MSR-2024_03.pdf
2024,3,BALTIMORE CITY,Working Class,1192,local://MSR-2024_03.pdf
2024,3,BALTIMORE CO.,Working Class,2661,local://MSR-2024_03.pdf
2024,3,CALVERT,Working Class,460,local://MSR-2024_03.pdf
2024,3,CAROLINE,Working Class,125,local://MSR-2024_03.pdf
2024,3,CARROLL,Working Class,852,local://MSR-2024_03.pdf
2024,3,CECIL,Working Class,493,local://MSR-2024_03.pdf
2024,3,CHARLES,Working Class,441,local://MSR-2024_03.pdf
2024,3,DORCHESTER,Working Class,115,local://MSR-2024_03.pdf
2024,3,FREDERICK,Working Class,1245,local://MSR-2024_03.pdf
2024,3,GARRETT,Working Class,110,local://MSR-2024_03.pdf
2024,3,HARFORD,Working Class,1254,local://MSR-2024_03.pdf
2024,3,HOWARD,Working Class,965,local://MSR-2024_03.pdf
2024,3,KENT,Working Class,69,local://MSR-2024_03.pdf
2024,3,MONTGOMERY,Working Class,2361,local://MSR-2024_03.pdf
2024,3,PR. GEORGE'S,Working Class,1534,local://MSR-2024_03.pdf
2024,3,QUEEN ANNE'S,Working Class,233,local://MSR-2024_03.pdf
2024,3,ST. MARY'S,Working Class,490,local://MSR-2024_03.pdf
2024,3,SOMERSET,Working Class,66,local://MSR-2024_03.pdf
2024,3,TALBOT,Working Class,160,local://MSR-2024_03.pdf
2024,3,WASHINGTON,Working Class,655,local://MSR-2024_03.pdf
2024,3,WICOMICO,Working Class,361,local://MSR-2024_03.pdf
2024,3,WORCESTER,Working Class,237,local://MSR-2024_03.pdf
2024,3,ALLEGANY,Unaffiliated,9001,local://MSR-2024_03.pdf
2024,3,ANNE ARUNDEL,Unaffiliated,105269,local://MSR-2024_03.pdf
2024,3,BALTIMORE CITY,Unaffiliated,62566,local://MSR-2024_03.pdf
2024,3,BALTIMORE CO.,Unaffiliated,117601,local://MSR-2024_03.pdf
2024,3,CALVERT,Unaffiliated,16404,local://MSR-2024_03.pdf
2024,3,CAROLINE,Unaffiliated,4864,local://MSR-2024_03.pdf
2024,3,CARROLL,Unaffiliated,30368,local://MSR-2024_03.pdf
2024,3,CECIL,Unaffiliated,17604,local://MSR-2024_03.pdf
2024,3,CHARLES,Unaffiliated,24372,local://MSR-2024_03.pdf
2024,3,DORCHESTER,Unaffiliated,4221,local://MSR-2024_03.pdf
2024,3,FREDERICK,Unaffiliated,52948,local://MSR-2024_03.pdf
2024,3,GARRETT,Unaffiliated,3090,local://MSR-2024_03.pdf
2024,3,HARFORD,Unaffiliated,44691,local://MSR-2024_03.pdf
2024,3,HOWARD,Unaffiliated,61771,local://MSR-2024_03.pdf
2024,3,KENT,Unaffiliated,2778,local://MSR-2024_03.pdf
2024,3,MONTGOMERY,Unaffiliated,171099,local://MSR-2024_03.pdf
2024,3,PR. GEORGE'S,Unaffiliated,97563,local://MSR-2024_03.pdf
2024,3,QUEEN ANNE'S,Unaffiliated,8867,local://MSR-2024_03.pdf
2024,3,ST. MARY'S,Unaffiliated,17906,local://MSR-2024_03.pdf
2024,3,SOMERSET,Unaffiliated,2518,local://MSR-2024_03.pdf
2024,3,TALBOT,Unaffiliated,6049,local://MSR-2024_03.pdf
2024,3,WASHINGTON,Unaffiliated,23794,local://MSR-2024_03.pdf
2024,3,WICOMICO,Unaffiliated,14769,local://MSR-2024_03.pdf
2024,3,WORCESTER,Unaffiliated,9067,local://MSR-2024_03.pdf
2024,3,ALLEGANY,Other,571,local://MSR-2024_03.pdf
2024,3,ANNE ARUNDEL,Other,4324,local://MSR-2024_03.pdf
2024,3,BALTIMORE CITY,Other,5905,local://MSR-2024_03.pdf
2024,3,BALTIMORE CO.,Other,7846,local://MSR-2024_03.pdf
2024,3,CALVERT,Other,738,local://MSR-2024_03.pdf
2024,3,CAROLINE,Other,260,local://MSR-2024_03.pdf
2024,3,CARROLL,Other,1341,local://MSR-2024_03.pdf
2024,3,CECIL,Other,929,local://MSR-2024_03.pdf
2024,3,CHARLES,Other,1208,local://MSR-2024_03.pdf
2024,3,DORCHESTER,Other,262,local://MSR-2024_03.pdf
2024,3,FREDERICK,Other,1738,local://MSR-2024_03.pdf
2024,3,GARRETT,Other,207,local://MSR-2024_03.pdf
2024,3,HARFORD,Other,2236,local://MSR-2024_03.pdf
2024,3,HOWARD,Other,2503,local://MSR-2024_03.pdf
2024,3,KENT,Other,143,local://MSR-2024_03.pdf
2024,3,MONTGOMERY,Other,7201,local://MSR-2024_03.pdf
2024,3,PR. GEORGE'S,Other,12544,local://MSR-2024_03.pdf
2024,3,QUEEN ANNE'S,Other,391,local://MSR-2024_03.pdf
2024,3,ST. MARY'S,Other,846,local://MSR-2024_03.pdf
2024,3,SOMERSET,Other,167,local://MSR-2024_03.pdf
2024,3,TALBOT,Other,277,local://MSR-2024_03.pdf
2024,3,WASHINGTON,Other,1185,local://MSR-2024_03.pdf
2024,3,WICOMICO,Other,912,local://MSR-2024_03.pdf
2024,3,WORCESTER,Other,565,local://MSR-2024_03.pdf
2025,1,ALLEGANY,Democratic,10884,local://MSR-2025_01.pdf
2025,1,ANNE ARUNDEL,Democratic,173357,local://MSR-2025_01.pdf
2025,1,BALTIMORE CITY,Democratic,301533,local://MSR-2025_01.pdf
2025,1,BALTIMORE CO.,Democratic,310930,local://MSR-2025_01.pdf
2025,1,CALVERT,Democratic,23670,local://MSR-2025_01.pdf
2025,1,CAROLINE,Democratic,5999,local://MSR-2025_01.pdf
2025,1,CARROLL,Democratic,33400,local://MSR-2025_01.pdf
2025,1,CECIL,Democratic,19225,local://MSR-2025_01.pdf
2025,1,CHARLES,Democratic,77008,local://MSR-2025_01.pdf
2025,1,DORCHESTER,Democratic,9636,local://MSR-2025_01.pdf
2025,1,FREDERICK,Democratic,79641,local://MSR-2025_01.pdf
2025,1,GARRETT,Democratic,3464,local://MSR-2025_01.pdf
2025,1,HARFORD,Democratic,64849,local://MSR-2025_01.pdf
2025,1,HOWARD,Democratic,124105,local://MSR-2025_01.pdf
2025,1,KENT,Democratic,5727,local://MSR-2025_01.pdf
2025,1,MONTGOMERY,Democratic,410731,local://MSR-2025_01.pdf
2025,1,PR. GEORGE'S,Democratic,462848,local://MSR-2025_01.pdf
2025,1,QUEEN ANNE'S,Democratic,11262,local://MSR-2025_01.pdf
2025,1,ST. MARY'S,Democratic,25142,local://MSR-2025_01.pdf
2025,1,SOMERSET,Democratic,5385,local://MSR-2025_01.pdf
2025,1,TALBOT,Democratic,10600,local://MSR-2025_01.pdf
2025,1,WASHINGTON,Democratic,30990,local://MSR-2025_01.pdf
2025,1,WICOMICO,Democratic,26303,local://MSR-2025_01.pdf
2025,1,WORCESTER,Democratic,13696,local://MSR-2025_01.pdf
2025,1,ALLEGANY,Republican,56,local://MSR-2025_01.pdf
2025,1,ANNE ARUNDEL,Republican,450,local://MSR-2025_01.pdf
2025,1,BALTIMORE CITY,Republican,751,local://MSR-2025_01.pdf
2025,1,BALTIMORE CO.,Republican,739,local://MSR-2025_01.pdf
2025,1,CALVERT,Republican,61,local://MSR-2025_01.pdf
2025,1,CAROLINE,Republican,25,local://MSR-2025_01.pdf
2025,1,CARROLL,Republican,138,local://MSR-2025_01.pdf
2025,1,CECIL,Republican,72,local://MSR-2025_01.pdf
2025,1,CHARLES,Republican,118,local://MSR-2025_01.pdf
2025,1,DORCHESTER,Republican,18,local://MSR-2025_01.pdf
2025,1,FREDERICK,Republican,233,local://MSR-2025_01.pdf
2025,1,GARRETT,Republican,16,local://MSR-2025_01.pdf
2025,1,HARFORD,Republican,162,local://MSR-2025_01.pdf
2025,1,HOWARD,Republican,290,local://MSR-2025_01.pdf
2025,1,KENT,Republican,14,local://MSR-2025_01.pdf
2025,1,MONTGOMERY,Republican,916,local://MSR-2025_01.pdf
2025,1,PR. GEORGE'S,Republican,691,local://MSR-2025_01.pdf
2025,1,QUEEN ANNE'S,Republican,47,local://MSR-2025_01.pdf
2025,1,ST. MARY'S,Republican,66,local://MSR-2025_01.pdf
2025,1,SOMERSET,Republican,16,local://MSR-2025_01.pdf
2025,1,TALBOT,Republican,22,local://MSR-2025_01.pdf
2025,1,WASHINGTON,Republican,127,local://MSR-2025_01.pdf
2025,1,WICOMICO,Republican,70,local://MSR-2025_01.pdf
2025,1,WORCESTER,Republican,43,local://MSR-2025_01.pdf
2025,1,ALLEGANY,Green,9030,local://MSR-2025_01.pdf
2025,1,ANNE ARUNDEL,Green,105835,local://MSR-2025_01.pdf
2025,1,BALTIMORE CITY,Green,65032,local://MSR-2025_01.pdf
2025,1,BALTIMORE CO.,Green,122496,local://MSR-2025_01.pdf
2025,1,CALVERT,Green,16792,local://MSR-2025_01.pdf
2025,1,CAROLINE,Green,4968,local://MSR-2025_01.pdf
2025,1,CARROLL,Green,31032,local://MSR-2025_01.pdf
2025,1,CECIL,Green,17507,local://MSR-2025_01.pdf
2025,1,CHARLES,Green,25780,local://MSR-2025_01.pdf
2025,1,DORCHESTER,Green,4401,local://MSR-2025_01.pdf
2025,1,FREDERICK,Green,55469,local://MSR-2025_01.pdf
2025,1,GARRETT,Green,3138,local://MSR-2025_01.pdf
2025,1,HARFORD,Green,46022,local://MSR-2025_01.pdf
2025,1,HOWARD,Green,64586,local://MSR-2025_01.pdf
2025,1,KENT,Green,2854,local://MSR-2025_01.pdf
2025,1,MONTGOMERY,Green,176689,local://MSR-2025_01.pdf
2025,1,PR. GEORGE'S,Green,104859,local://MSR-2025_01.pdf
2025,1,QUEEN ANNE'S,Green,9060,local://MSR-2025_01.pdf
2025,1,ST. MARY'S,Green,18549,local://MSR-2025_01.pdf
2025,1,SOMERSET,Green,2572,local://MSR-2025_01.pdf
2025,1,TALBOT,Green,6141,local://MSR-2025_01.pdf
2025,1,WASHINGTON,Green,24779,local://MSR-2025_01.pdf
2025,1,WICOMICO,Green,15436,local://MSR-2025_01.pdf
2025,1,WORCESTER,Green,9310,local://MSR-2025_01.pdf
2025,1,ALLEGANY,Working Class,850,local://MSR-2025_01.pdf
2025,1,ANNE ARUNDEL,Working Class,7004,local://MSR-2025_01.pdf
2025,1,BALTIMORE CITY,Working Class,7103,local://MSR-2025_01.pdf
2025,1,BALTIMORE CO.,Working Class,10768,local://MSR-2025_01.pdf
2025,1,CALVERT,Working Class,1210,local://MSR-2025_01.pdf
2025,1,CAROLINE,Working Class,399,local://MSR-2025_01.pdf
2025,1,CARROLL,Working Class,2211,local://MSR-2025_01.pdf
2025,1,CECIL,Working Class,1451,local://MSR-2025_01.pdf
2025,1,CHARLES,Working Class,1806,local://MSR-2025_01.pdf
2025,1,DORCHESTER,Working Class,416,local://MSR-2025_01.pdf
2025,1,FREDERICK,Working Class,3114,local://MSR-2025_01.pdf
2025,1,GARRETT,Working Class,324,local://MSR-2025_01.pdf
2025,1,HARFORD,Working Class,3671,local://MSR-2025_01.pdf
2025,1,HOWARD,Working Class,3594,local://MSR-2025_01.pdf
2025,1,KENT,Working Class,224,local://MSR-2025_01.pdf
2025,1,MONTGOMERY,Working Class,9814,local://MSR-2025_01.pdf
2025,1,PR. GEORGE'S,Working Class,14624,local://MSR-2025_01.pdf
2025,1,QUEEN ANNE'S,Working Class,627,local://MSR-2025_01.pdf
2025,1,ST. MARY'S,Working Class,1366,local://MSR-2025_01.pdf
2025,1,SOMERSET,Working Class,249,local://MSR-2025_01.pdf
2025,1,TALBOT,Working Class,468,local://MSR-2025_01.pdf
2025,1,WASHINGTON,Working Class,1843,local://MSR-2025_01.pdf
2025,1,WICOMICO,Working Class,1355,local://MSR-2025_01.pdf
2025,1,WORCESTER,Working Class,830,local://MSR-2025_01.pdf
2025,1,ALLEGANY,Unaffiliated,44526,local://MSR-2025_01.pdf
2025,1,ANNE ARUNDEL,Unaffiliated,417653,local://MSR-2025_01.pdf
2025,1,BALTIMORE CITY,Unaffiliated,404241,local://MSR-2025_01.pdf
2025,1,BALTIMORE CO.,Unaffiliated,587667,local://MSR-2025_01.pdf
2025,1,CALVERT,Unaffiliated,70873,local://MSR-2025_01.pdf
2025,1,CAROLINE,Unaffiliated,22608,local://MSR-2025_01.pdf
2025,1,CARROLL,Unaffiliated,131894,local://MSR-2025_01.pdf
2025,1,CECIL,Unaffiliated,74325,local://MSR-2025_01.pdf
2025,1,CHARLES,Unaffiliated,128803,local://MSR-2025_01.pdf
2025,1,DORCHESTER,Unaffiliated,24177,local://MSR-2025_01.pdf
2025,1,FREDERICK,Unaffiliated,208681,local://MSR-2025_01.pdf
2025,1,GARRETT,Unaffiliated,21073,local://MSR-2025_01.pdf
2025,1,HARFORD,Unaffiliated,197459,local://MSR-2025_01.pdf
2025,1,HOWARD,Unaffiliated,241875,local://MSR-2025_01.pdf
2025,1,KENT,Unaffiliated,14393,local://MSR-2025_01.pdf
2025,1,MONTGOMERY,Unaffiliated,699902,local://MSR-2025_01.pdf
2025,1,PR. GEORGE'S,Unaffiliated,625570,local://MSR-2025_01.pdf
2025,1,QUEEN ANNE'S,Unaffiliated,41836,local://MSR-2025_01.pdf
2025,1,ST. MARY'S,Unaffiliated,78775,local://MSR-2025_01.pdf
2025,1,SOMERSET,Unaffiliated,14579,local://MSR-2025_01.pdf
2025,1,TALBOT,Unaffiliated,29062,local://MSR-2025_01.pdf
2025,1,WASHINGTON,Unaffiliated,103617,local://MSR-2025_01.pdf
2025,1,WICOMICO,Unaffiliated,68049,local://MSR-2025_01.pdf
2025,1,WORCESTER,Unaffiliated,44116,local://MSR-2025_01.pdf
2025,1,ALLEGANY,Other,2715,local://MSR-2025_01.pdf
2025,1,ANNE ARUNDEL,Other,23895,local://MSR-2025_01.pdf
2025,1,BALTIMORE CITY,Other,13028,local://MSR-2025_01.pdf
2025,1,BALTIMORE CO.,Other,15533,local://MSR-2025_01.pdf
2025,1,CALVERT,Other,2876,local://MSR-2025_01.pdf
2025,1,CAROLINE,Other,899,local://MSR-2025_01.pdf
2025,1,CARROLL,Other,4468,local://MSR-2025_01.pdf
2025,1,CECIL,Other,3215,local://MSR-2025_01.pdf
2025,1,CHARLES,Other,5296,local://MSR-2025_01.pdf
2025,1,DORCHESTER,Other,578,local://MSR-2025_01.pdf
2025,1,FREDERICK,Other,9053,local://MSR-2025_01.pdf
2025,1,GARRETT,Other,776,local://MSR-2025_01.pdf
2025,1,HARFORD,Other,7458,local://MSR-2025_01.pdf
2025,1,HOWARD,Other,8693,local://MSR-2025_01.pdf
2025,1,KENT,Other,453,local://MSR-2025_01.pdf
2025,1,MONTGOMERY,Other,40697,local://MSR-2025_01.pdf
2025,1,PR. GEORGE'S,Other,44846,local://MSR-2025_01.pdf
2025,1,QUEEN ANNE'S,Other,1229,local://MSR-2025_01.pdf
2025,1,ST. MARY'S,Other,4563,local://MSR-2025_01.pdf
2025,1,SOMERSET,Other,320,local://MSR-2025_01.pdf
2025,1,TALBOT,Other,2008,local://MSR-2025_01.pdf
2025,1,WASHINGTON,Other,5707,local://MSR-2025_01.pdf
2025,1,WICOMICO,Other,2878,local://MSR-2025_01.pdf
2025,1,WORCESTER,Other,2388,local://MSR-2025_01.pdf
2025,2,ALLEGANY,Democratic,10828,local://MSR-2025_02.pdf
2025,2,ANNE ARUNDEL,Democratic,173564,local://MSR-2025_02.pdf
2025,2,BALTIMORE CITY,Democratic,300359,local://MSR-2025_02.pdf
2025,2,BALTIMORE CO.,Democratic,309799,local://MSR-2025_02.pdf
2025,2,CALVERT,Democratic,23592,local://MSR-2025_02.pdf
2025,2,CAROLINE,Democratic,6003,local://MSR-2025_02.pdf
2025,2,CARROLL,Democratic,33197,local://MSR-2025_02.pdf
2025,2,CECIL,Democratic,19015,local://MSR-2025_02.pdf
2025,2,CHARLES,Democratic,76795,local://MSR-2025_02.pdf
2025,2,DORCHESTER,Democratic,9578,local://MSR-2025_02.pdf
2025,2,FREDERICK,Democratic,79237,local://MSR-2025_02.pdf
2025,2,GARRETT,Democratic,3443,local://MSR-2025_02.pdf
2025,2,HARFORD,Democratic,64526,local://MSR-2025_02.pdf
2025,2,HOWARD,Democratic,123555,local://MSR-2025_02.pdf
2025,2,KENT,Democratic,5696,local://MSR-2025_02.pdf
2025,2,MONTGOMERY,Democratic,409102,local://MSR-2025_02.pdf
2025,2,PR. GEORGE'S,Democratic,462824,local://MSR-2025_02.pdf
2025,2,QUEEN ANNE'S,Democratic,11225,local://MSR-2025_02.pdf
2025,2,ST. MARY'S,Democratic,25016,local://MSR-2025_02.pdf
2025,2,SOMERSET,Democratic,5353,local://MSR-2025_02.pdf
2025,2,TALBOT,Democratic,10546,local://MSR-2025_02.pdf
2025,2,WASHINGTON,Democratic,30614,local://MSR-2025_02.pdf
2025,2,WICOMICO,Democratic,26217,local://MSR-2025_02.pdf
2025,2,WORCESTER,Democratic,13620,local://MSR-2025_02.pdf
2025,2,ALLEGANY,Republican,23647,local://MSR-2025_02.pdf
2025,2,ANNE ARUNDEL,Republican,131403,local://MSR-2025_02.pdf
2025,2,BALTIMORE CITY,Republican,29792,local://MSR-2025_02.pdf
2025,2,BALTIMORE CO.,Republican,142326,local://MSR-2025_02.pdf
2025,2,CALVERT,Republican,29071,local://MSR-2025_02.pdf
2025,2,CAROLINE,Republican,11227,local://MSR-2025_02.pdf
2025,2,CARROLL,Republican,64877,local://MSR-2025_02.pdf
2025,2,CECIL,Republican,35975,local://MSR-2025_02.pdf
2025,2,CHARLES,Republican,23945,local://MSR-2025_02.pdf
2025,2,DORCHESTER,Republican,9695,local://MSR-2025_02.pdf
2025,2,FREDERICK,Republican,70075,local://MSR-2025_02.pdf
2025,2,GARRETT,Republican,14111,local://MSR-2025_02.pdf
2025,2,HARFORD,Republican,82547,local://MSR-2025_02.pdf
2025,2,HOWARD,Republican,49232,local://MSR-2025_02.pdf
2025,2,KENT,Republican,5558,local://MSR-2025_02.pdf
2025,2,MONTGOMERY,Republican,101982,local://MSR-2025_02.pdf
2025,2,PR. GEORGE'S,Republican,42645,local://MSR-2025_02.pdf
2025,2,QUEEN ANNE'S,Republican,20857,local://MSR-2025_02.pdf
2025,2,ST. MARY'S,Republican,33587,local://MSR-2025_02.pdf
2025,2,SOMERSET,Republican,6366,local://MSR-2025_02.pdf
2025,2,TALBOT,Republican,11787,local://MSR-2025_02.pdf
2025,2,WASHINGTON,Republican,45571,local://MSR-2025_02.pdf
2025,2,WICOMICO,Republican,24864,local://MSR-2025_02.pdf
2025,2,WORCESTER,Republican,20176,local://MSR-2025_02.pdf
2025,2,ALLEGANY,Green,52,local://MSR-2025_02.pdf
2025,2,ANNE ARUNDEL,Green,455,local://MSR-2025_02.pdf
2025,2,BALTIMORE CITY,Green,754,local://MSR-2025_02.pdf
2025,2,BALTIMORE CO.,Green,743,local://MSR-2025_02.pdf
2025,2,CALVERT,Green,61,local://MSR-2025_02.pdf
2025,2,CAROLINE,Green,25,local://MSR-2025_02.pdf
2025,2,CARROLL,Green,140,local://MSR-2025_02.pdf
2025,2,CECIL,Green,74,local://MSR-2025_02.pdf
2025,2,CHARLES,Green,121,local://MSR-2025_02.pdf
2025,2,DORCHESTER,Green,19,local://MSR-2025_02.pdf
2025,2,FREDERICK,Green,233,local://MSR-2025_02.pdf
2025,2,GARRETT,Green,16,local://MSR-2025_02.pdf
2025,2,HARFORD,Green,160,local://MSR-2025_02.pdf
2025,2,HOWARD,Green,295,local://MSR-2025_02.pdf
2025,2,KENT,Green,14,local://MSR-2025_02.pdf
2025,2,MONTGOMERY,Green,913,local://MSR-2025_02.pdf
2025,2,PR. GEORGE'S,Green,705,local://MSR-2025_02.pdf
2025,2,QUEEN ANNE'S,Green,47,local://MSR-2025_02.pdf
2025,2,ST. MARY'S,Green,68,local://MSR-2025_02.pdf
2025,2,SOMERSET,Green,16,local://MSR-2025_02.pdf
2025,2,TALBOT,Green,21,local://MSR-2025_02.pdf
2025,2,WASHINGTON,Green,128,local://MSR-2025_02.pdf
2025,2,WICOMICO,Green,71,local://MSR-2025_02.pdf
2025,2,WORCESTER,Green,44,local://MSR-2025_02.pdf
2025,2,ALLEGANY,Working Class,55,local://MSR-2025_02.pdf
2025,2,ANNE ARUNDEL,Working Class,243,local://MSR-2025_02.pdf
2025,2,BALTIMORE CITY,Working Class,413,local://MSR-2025_02.pdf
2025,2,BALTIMORE CO.,Working Class,409,local://MSR-2025_02.pdf
2025,2,CALVERT,Working Class,35,local://MSR-2025_02.pdf
2025,2,CAROLINE,Working Class,23,local://MSR-2025_02.pdf
2025,2,CARROLL,Working Class,64,local://MSR-2025_02.pdf
2025,2,CECIL,Working Class,74,local://MSR-2025_02.pdf
2025,2,CHARLES,Working Class,90,local://MSR-2025_02.pdf
2025,2,DORCHESTER,Working Class,23,local://MSR-2025_02.pdf
2025,2,FREDERICK,Working Class,113,local://MSR-2025_02.pdf
2025,2,GARRETT,Working Class,14,local://MSR-2025_02.pdf
2025,2,HARFORD,Working Class,132,local://MSR-2025_02.pdf
2025,2,HOWARD,Working Class,75,local://MSR-2025_02.pdf
2025,2,KENT,Working Class,10,local://MSR-2025_02.pdf
2025,2,MONTGOMERY,Working Class,253,local://MSR-2025_02.pdf
2025,2,PR. GEORGE'S,Working Class,349,local://MSR-2025_02.pdf
2025,2,QUEEN ANNE'S,Working Class,22,local://MSR-2025_02.pdf
2025,2,ST. MARY'S,Working Class,54,local://MSR-2025_02.pdf
2025,2,SOMERSET,Working Class,11,local://MSR-2025_02.pdf
2025,2,TALBOT,Working Class,8,local://MSR-2025_02.pdf
2025,2,WASHINGTON,Working Class,92,local://MSR-2025_02.pdf
2025,2,WICOMICO,Working Class,61,local://MSR-2025_02.pdf
2025,2,WORCESTER,Working Class,22,local://MSR-2025_02.pdf
2025,2,ALLEGANY,Unaffiliated,9017,local://MSR-2025_02.pdf
2025,2,ANNE ARUNDEL,Unaffiliated,106911,local://MSR-2025_02.pdf
2025,2,BALTIMORE CITY,Unaffiliated,64900,local://MSR-2025_02.pdf
2025,2,BALTIMORE CO.,Unaffiliated,122520,local://MSR-2025_02.pdf
2025,2,CALVERT,Unaffiliated,16808,local://MSR-2025_02.pdf
2025,2,CAROLINE,Unaffiliated,4978,local://MSR-2025_02.pdf
2025,2,CARROLL,Unaffiliated,30954,local://MSR-2025_02.pdf
2025,2,CECIL,Unaffiliated,17435,local://MSR-2025_02.pdf
2025,2,CHARLES,Unaffiliated,25832,local://MSR-2025_02.pdf
2025,2,DORCHESTER,Unaffiliated,4407,local://MSR-2025_02.pdf
2025,2,FREDERICK,Unaffiliated,55511,local://MSR-2025_02.pdf
2025,2,GARRETT,Unaffiliated,3136,local://MSR-2025_02.pdf
2025,2,HARFORD,Unaffiliated,46108,local://MSR-2025_02.pdf
2025,2,HOWARD,Unaffiliated,64725,local://MSR-2025_02.pdf
2025,2,KENT,Unaffiliated,2851,local://MSR-2025_02.pdf
2025,2,MONTGOMERY,Unaffiliated,177721,local://MSR-2025_02.pdf
2025,2,PR. GEORGE'S,Unaffiliated,105398,local://MSR-2025_02.pdf
2025,2,QUEEN ANNE'S,Unaffiliated,9093,local://MSR-2025_02.pdf
2025,2,ST. MARY'S,Unaffiliated,18505,local://MSR-2025_02.pdf
2025,2,SOMERSET,Unaffiliated,2575,local://MSR-2025_02.pdf
2025,2,TALBOT,Unaffiliated,6132,local://MSR-2025_02.pdf
2025,2,WASHINGTON,Unaffiliated,24602,local://MSR-2025_02.pdf
2025,2,WICOMICO,Unaffiliated,15452,local://MSR-2025_02.pdf
2025,2,WORCESTER,Unaffiliated,9305,local://MSR-2025_02.pdf
2025,2,ALLEGANY,Other,786,local://MSR-2025_02.pdf
2025,2,ANNE ARUNDEL,Other,6792,local://MSR-2025_02.pdf
2025,2,BALTIMORE CITY,Other,6638,local://MSR-2025_02.pdf
2025,2,BALTIMORE CO.,Other,10274,local://MSR-2025_02.pdf
2025,2,CALVERT,Other,1156,local://MSR-2025_02.pdf
2025,2,CAROLINE,Other,373,local://MSR-2025_02.pdf
2025,2,CARROLL,Other,2121,local://MSR-2025_02.pdf
2025,2,CECIL,Other,1346,local://MSR-2025_02.pdf
2025,2,CHARLES,Other,1700,local://MSR-2025_02.pdf
2025,2,DORCHESTER,Other,391,local://MSR-2025_02.pdf
2025,2,FREDERICK,Other,2971,local://MSR-2025_02.pdf
2025,2,GARRETT,Other,308,local://MSR-2025_02.pdf
2025,2,HARFORD,Other,3509,local://MSR-2025_02.pdf
2025,2,HOWARD,Other,3501,local://MSR-2025_02.pdf
2025,2,KENT,Other,215,local://MSR-2025_02.pdf
2025,2,MONTGOMERY,Other,9726,local://MSR-2025_02.pdf
2025,2,PR. GEORGE'S,Other,14254,local://MSR-2025_02.pdf
2025,2,QUEEN ANNE'S,Other,605,local://MSR-2025_02.pdf
2025,2,ST. MARY'S,Other,1294,local://MSR-2025_02.pdf
2025,2,SOMERSET,Other,239,local://MSR-2025_02.pdf
2025,2,TALBOT,Other,456,local://MSR-2025_02.pdf
2025,2,WASHINGTON,Other,1706,local://MSR-2025_02.pdf
2025,2,WICOMICO,Other,1284,local://MSR-2025_02.pdf
2025,2,WORCESTER,Other,797,local://MSR-2025_02.pdf
2025,3,ALLEGANY,Democratic,10810,local://MSR-2025_03.pdf
2025,3,ANNE ARUNDEL,Democratic,173256,local://MSR-2025_03.pdf
2025,3,BALTIMORE CITY,Democratic,301847,local://MSR-2025_03.pdf
2025,3,BALTIMORE CO.,Democratic,309107,local://MSR-2025_03.pdf
2025,3,CALVERT,Democratic,23581,local://MSR-2025_03.pdf
2025,3,CAROLINE,Democratic,5987,local://MSR-2025_03.pdf
2025,3,CARROLL,Democratic,33189,local://MSR-2025_03.pdf
2025,3,CECIL,Democratic,19026,local://MSR-2025_03.pdf
2025,3,CHARLES,Democratic,76785,local://MSR-2025_03.pdf
2025,3,DORCHESTER,Democratic,9566,local://MSR-2025_03.pdf
2025,3,FREDERICK,Democratic,79320,local://MSR-2025_03.pdf
2025,3,GARRETT,Democratic,3440,local://MSR-2025_03.pdf
2025,3,HARFORD,Democratic,64500,local://MSR-2025_03.pdf
2025,3,HOWARD,Democratic,123357,local://MSR-2025_03.pdf
2025,3,KENT,Democratic,5696,local://MSR-2025_03.pdf
2025,3,MONTGOMERY,Democratic,409937,local://MSR-2025_03.pdf
2025,3,PR. GEORGE'S,Democratic,460669,local://MSR-2025_03.pdf
2025,3,QUEEN ANNE'S,Democratic,11233,local://MSR-2025_03.pdf
2025,3,ST. MARY'S,Democratic,24991,local://MSR-2025_03.pdf
2025,3,SOMERSET,Democratic,5366,local://MSR-2025_03.pdf
2025,3,TALBOT,Democratic,10477,local://MSR-2025_03.pdf
2025,3,WASHINGTON,Democratic,30574,local://MSR-2025_03.pdf
2025,3,WICOMICO,Democratic,26201,local://MSR-2025_03.pdf
2025,3,WORCESTER,Democratic,13602,local://MSR-2025_03.pdf
2025,3,ALLEGANY,Republican,23683,local://MSR-2025_03.pdf
2025,3,ANNE ARUNDEL,Republican,131249,local://MSR-2025_03.pdf
2025,3,BALTIMORE CITY,Republican,30337,local://MSR-2025_03.pdf
2025,3,BALTIMORE CO.,Republican,142192,local://MSR-2025_03.pdf
2025,3,CALVERT,Republican,29095,local://MSR-2025_03.pdf
2025,3,CAROLINE,Republican,11244,local://MSR-2025_03.pdf
2025,3,CARROLL,Republican,64849,local://MSR-2025_03.pdf
2025,3,CECIL,Republican,36032,local://MSR-2025_03.pdf
2025,3,CHARLES,Republican,23937,local://MSR-2025_03.pdf
2025,3,DORCHESTER,Republican,9709,local://MSR-2025_03.pdf
2025,3,FREDERICK,Republican,70193,local://MSR-2025_03.pdf
2025,3,GARRETT,Republican,14115,local://MSR-2025_03.pdf
2025,3,HARFORD,Republican,82632,local://MSR-2025_03.pdf
2025,3,HOWARD,Republican,49181,local://MSR-2025_03.pdf
2025,3,KENT,Republican,5559,local://MSR-2025_03.pdf
2025,3,MONTGOMERY,Republican,102773,local://MSR-2025_03.pdf
2025,3,PR. GEORGE'S,Republican,42535,local://MSR-2025_03.pdf
2025,3,QUEEN ANNE'S,Republican,20862,local://MSR-2025_03.pdf
2025,3,ST. MARY'S,Republican,33594,local://MSR-2025_03.pdf
2025,3,SOMERSET,Republican,6392,local://MSR-2025_03.pdf
2025,3,TALBOT,Republican,11756,local://MSR-2025_03.pdf
2025,3,WASHINGTON,Republican,45529,local://MSR-2025_03.pdf
2025,3,WICOMICO,Republican,24896,local://MSR-2025_03.pdf
2025,3,WORCESTER,Republican,20195,local://MSR-2025_03.pdf
2025,3,ALLEGANY,Green,55,local://MSR-2025_03.pdf
2025,3,ANNE ARUNDEL,Green,466,local://MSR-2025_03.pdf
2025,3,BALTIMORE CITY,Green,777,local://MSR-2025_03.pdf
2025,3,BALTIMORE CO.,Green,747,local://MSR-2025_03.pdf
2025,3,CALVERT,Green,64,local://MSR-2025_03.pdf
2025,3,CAROLINE,Green,26,local://MSR-2025_03.pdf
2025,3,CARROLL,Green,141,local://MSR-2025_03.pdf
2025,3,CECIL,Green,77,local://MSR-2025_03.pdf
2025,3,CHARLES,Green,126,local://MSR-2025_03.pdf
2025,3,DORCHESTER,Green,17,local://MSR-2025_03.pdf
2025,3,FREDERICK,Green,244,local://MSR-2025_03.pdf
2025,3,GARRETT,Green,16,local://MSR-2025_03.pdf
2025,3,HARFORD,Green,169,local://MSR-2025_03.pdf
2025,3,HOWARD,Green,302,local://MSR-2025_03.pdf
2025,3,KENT,Green,14,local://MSR-2025_03.pdf
2025,3,MONTGOMERY,Green,934,local://MSR-2025_03.pdf
2025,3,PR. GEORGE'S,Green,725,local://MSR-2025_03.pdf
2025,3,QUEEN ANNE'S,Green,48,local://MSR-2025_03.pdf
2025,3,ST. MARY'S,Green,68,local://MSR-2025_03.pdf
2025,3,SOMERSET,Green,18,local://MSR-2025_03.pdf
2025,3,TALBOT,Green,22,local://MSR-2025_03.pdf
2025,3,WASHINGTON,Green,132,local://MSR-2025_03.pdf
2025,3,WICOMICO,Green,71,local://MSR-2025_03.pdf
2025,3,WORCESTER,Green,43,local://MSR-2025_03.pdf
2025,3,ALLEGANY,Working Class,54,local://MSR-2025_03.pdf
2025,3,ANNE ARUNDEL,Working Class,244,local://MSR-2025_03.pdf
2025,3,BALTIMORE CITY,Working Class,392,local://MSR-2025_03.pdf
2025,3,BALTIMORE CO.,Working Class,403,local://MSR-2025_03.pdf
2025,3,CALVERT,Working Class,34,local://MSR-2025_03.pdf
2025,3,CAROLINE,Working Class,24,local://MSR-2025_03.pdf
2025,3,CARROLL,Working Class,64,local://MSR-2025_03.pdf
2025,3,CECIL,Working Class,72,local://MSR-2025_03.pdf
2025,3,CHARLES,Working Class,91,local://MSR-2025_03.pdf
2025,3,DORCHESTER,Working Class,23,local://MSR-2025_03.pdf
2025,3,FREDERICK,Working Class,113,local://MSR-2025_03.pdf
2025,3,GARRETT,Working Class,14,local://MSR-2025_03.pdf
2025,3,HARFORD,Working Class,134,local://MSR-2025_03.pdf
2025,3,HOWARD,Working Class,77,local://MSR-2025_03.pdf
2025,3,KENT,Working Class,10,local://MSR-2025_03.pdf
2025,3,MONTGOMERY,Working Class,245,local://MSR-2025_03.pdf
2025,3,PR. GEORGE'S,Working Class,351,local://MSR-2025_03.pdf
2025,3,QUEEN ANNE'S,Working Class,22,local://MSR-2025_03.pdf
2025,3,ST. MARY'S,Working Class,55,local://MSR-2025_03.pdf
2025,3,SOMERSET,Working Class,11,local://MSR-2025_03.pdf
2025,3,TALBOT,Working Class,7,local://MSR-2025_03.pdf
2025,3,WASHINGTON,Working Class,92,local://MSR-2025_03.pdf
2025,3,WICOMICO,Working Class,60,local://MSR-2025_03.pdf
2025,3,WORCESTER,Working Class,22,local://MSR-2025_03.pdf
2025,3,ALLEGANY,Unaffiliated,9098,local://MSR-2025_03.pdf
2025,3,ANNE ARUNDEL,Unaffiliated,107393,local://MSR-2025_03.pdf
2025,3,BALTIMORE CITY,Unaffiliated,67140,local://MSR-2025_03.pdf
2025,3,BALTIMORE CO.,Unaffiliated,122990,local://MSR-2025_03.pdf
2025,3,CALVERT,Unaffiliated,16927,local://MSR-2025_03.pdf
2025,3,CAROLINE,Unaffiliated,5018,local://MSR-2025_03.pdf
2025,3,CARROLL,Unaffiliated,31079,local://MSR-2025_03.pdf
2025,3,CECIL,Unaffiliated,17550,local://MSR-2025_03.pdf
2025,3,CHARLES,Unaffiliated,26056,local://MSR-2025_03.pdf
2025,3,DORCHESTER,Unaffiliated,4443,local://MSR-2025_03.pdf
2025,3,FREDERICK,Unaffiliated,55863,local://MSR-2025_03.pdf
2025,3,GARRETT,Unaffiliated,3160,local://MSR-2025_03.pdf
2025,3,HARFORD,Unaffiliated,46354,local://MSR-2025_03.pdf
2025,3,HOWARD,Unaffiliated,65031,local://MSR-2025_03.pdf
2025,3,KENT,Unaffiliated,2858,local://MSR-2025_03.pdf
2025,3,MONTGOMERY,Unaffiliated,180962,local://MSR-2025_03.pdf
2025,3,PR. GEORGE'S,Unaffiliated,105480,local://MSR-2025_03.pdf
2025,3,QUEEN ANNE'S,Unaffiliated,9125,local://MSR-2025_03.pdf
2025,3,ST. MARY'S,Unaffiliated,18601,local://MSR-2025_03.pdf
2025,3,SOMERSET,Unaffiliated,2609,local://MSR-2025_03.pdf
2025,3,TALBOT,Unaffiliated,6082,local://MSR-2025_03.pdf
2025,3,WASHINGTON,Unaffiliated,24716,local://MSR-2025_03.pdf
2025,3,WICOMICO,Unaffiliated,15527,local://MSR-2025_03.pdf
2025,3,WORCESTER,Unaffiliated,9378,local://MSR-2025_03.pdf
2025,3,ALLEGANY,Other,781,local://MSR-2025_03.pdf
2025,3,ANNE ARUNDEL,Other,6690,local://MSR-2025_03.pdf
2025,3,BALTIMORE CITY,Other,6823,local://MSR-2025_03.pdf
2025,3,BALTIMORE CO.,Other,10227,local://MSR-2025_03.pdf
2025,3,CALVERT,Other,1155,local://MSR-2025_03.pdf
2025,3,CAROLINE,Other,375,local://MSR-2025_03.pdf
2025,3,CARROLL,Other,2125,local://MSR-2025_03.pdf
2025,3,CECIL,Other,1346,local://MSR-2025_03.pdf
2025,3,CHARLES,Other,1701,local://MSR-2025_03.pdf
2025,3,DORCHESTER,Other,392,local://MSR-2025_03.pdf
2025,3,FREDERICK,Other,2956,local://MSR-2025_03.pdf
2025,3,GARRETT,Other,302,local://MSR-2025_03.pdf
2025,3,HARFORD,Other,3489,local://MSR-2025_03.pdf
2025,3,HOWARD,Other,3500,local://MSR-2025_03.pdf
2025,3,KENT,Other,214,local://MSR-2025_03.pdf
2025,3,MONTGOMERY,Other,9826,local://MSR-2025_03.pdf
2025,3,PR. GEORGE'S,Other,14150,local://MSR-2025_03.pdf
2025,3,QUEEN ANNE'S,Other,614,local://MSR-2025_03.pdf
2025,3,ST. MARY'S,Other,1282,local://MSR-2025_03.pdf
2025,3,SOMERSET,Other,241,local://MSR-2025_03.pdf
2025,3,TALBOT,Other,451,local://MSR-2025_03.pdf
2025,3,WASHINGTON,Other,1692,local://MSR-2025_03.pdf
2025,3,WICOMICO,Other,1288,local://MSR-2025_03.pdf
2025,3,WORCESTER,Other,797,local://MSR-2025_03.pdf
2025,5,ALLEGANY,Democratic,10828,local://MSR-2025_05.pdf
2025,5,ANNE ARUNDEL,Democratic,173293,local://MSR-2025_05.pdf
2025,5,BALTIMORE CITY,Democratic,301469,local://MSR-2025_05.pdf
2025,5,BALTIMORE CO.,Democratic,308945,local://MSR-2025_05.pdf
2025,5,CALVERT,Democratic,23533,local://MSR-2025_05.pdf
2025,5,CAROLINE,Democratic,6003,local://MSR-2025_05.pdf
2025,5,CARROLL,Democratic,33184,local://MSR-2025_05.pdf
2025,5,CECIL,Democratic,19038,local://MSR-2025_05.pdf
2025,5,CHARLES,Democratic,76769,local://MSR-2025_05.pdf
2025,5,DORCHESTER,Democratic,9505,local://MSR-2025_05.pdf
2025,5,FREDERICK,Democratic,79334,local://MSR-2025_05.pdf
2025,5,GARRETT,Democratic,3438,local://MSR-2025_05.pdf
2025,5,HARFORD,Democratic,64493,local://MSR-2025_05.pdf
2025,5,HOWARD,Democratic,123201,local://MSR-2025_05.pdf
2025,5,KENT,Democratic,5690,local://MSR-2025_05.pdf
2025,5,MONTGOMERY,Democratic,409393,local://MSR-2025_05.pdf
2025,5,PR. GEORGE'S,Democratic,461986,local://MSR-2025_05.pdf
2025,5,QUEEN ANNE'S,Democratic,11297,local://MSR-2025_05.pdf
2025,5,ST. MARY'S,Democratic,25022,local://MSR-2025_05.pdf
2025,5,SOMERSET,Democratic,5353,local://MSR-2025_05.pdf
2025,5,TALBOT,Democratic,10454,local://MSR-2025_05.pdf
2025,5,WASHINGTON,Democratic,30603,local://MSR-2025_05.pdf
2025,5,WICOMICO,Democratic,26184,local://MSR-2025_05.pdf
2025,5,WORCESTER,Democratic,13578,local://MSR-2025_05.pdf
2025,5,ALLEGANY,Republican,23756,local://MSR-2025_05.pdf
2025,5,ANNE ARUNDEL,Republican,131117,local://MSR-2025_05.pdf
2025,5,BALTIMORE CITY,Republican,30314,local://MSR-2025_05.pdf
2025,5,BALTIMORE CO.,Republican,142063,local://MSR-2025_05.pdf
2025,5,CALVERT,Republican,29077,local://MSR-2025_05.pdf
2025,5,CAROLINE,Republican,11279,local://MSR-2025_05.pdf
2025,5,CARROLL,Republican,64788,local://MSR-2025_05.pdf
2025,5,CECIL,Republican,36126,local://MSR-2025_05.pdf
2025,5,CHARLES,Republican,23860,local://MSR-2025_05.pdf
2025,5,DORCHESTER,Republican,9704,local://MSR-2025_05.pdf
2025,5,FREDERICK,Republican,70052,local://MSR-2025_05.pdf
2025,5,GARRETT,Republican,14110,local://MSR-2025_05.pdf
2025,5,HARFORD,Republican,82621,local://MSR-2025_05.pdf
2025,5,HOWARD,Republican,49059,local://MSR-2025_05.pdf
2025,5,KENT,Republican,5567,local://MSR-2025_05.pdf
2025,5,MONTGOMERY,Republican,102678,local://MSR-2025_05.pdf
2025,5,PR. GEORGE'S,Republican,42694,local://MSR-2025_05.pdf
2025,5,QUEEN ANNE'S,Republican,20935,local://MSR-2025_05.pdf
2025,5,ST. MARY'S,Republican,33675,local://MSR-2025_05.pdf
2025,5,SOMERSET,Republican,6396,local://MSR-2025_05.pdf
2025,5,TALBOT,Republican,11738,local://MSR-2025_05.pdf
2025,5,WASHINGTON,Republican,45519,local://MSR-2025_05.pdf
2025,5,WICOMICO,Republican,24876,local://MSR-2025_05.pdf
2025,5,WORCESTER,Republican,20213,local://MSR-2025_05.pdf
2025,5,ALLEGANY,Green,55,local://MSR-2025_05.pdf
2025,5,ANNE ARUNDEL,Green,479,local://MSR-2025_05.pdf
2025,5,BALTIMORE CITY,Green,795,local://MSR-2025_05.pdf
2025,5,BALTIMORE CO.,Green,761,local://MSR-2025_05.pdf
2025,5,CALVERT,Green,66,local://MSR-2025_05.pdf
2025,5,CAROLINE,Green,28,local://MSR-2025_05.pdf
2025,5,CARROLL,Green,144,local://MSR-2025_05.pdf
2025,5,CECIL,Green,84,local://MSR-2025_05.pdf
2025,5,CHARLES,Green,130,local://MSR-2025_05.pdf
2025,5,DORCHESTER,Green,18,local://MSR-2025_05.pdf
2025,5,FREDERICK,Green,249,local://MSR-2025_05.pdf
2025,5,GARRETT,Green,18,local://MSR-2025_05.pdf
2025,5,HARFORD,Green,176,local://MSR-2025_05.pdf
2025,5,HOWARD,Green,311,local://MSR-2025_05.pdf
2025,5,KENT,Green,14,local://MSR-2025_05.pdf
2025,5,MONTGOMERY,Green,958,local://MSR-2025_05.pdf
2025,5,PR. GEORGE'S,Green,743,local://MSR-2025_05.pdf
2025,5,QUEEN ANNE'S,Green,49,local://MSR-2025_05.pdf
2025,5,ST. MARY'S,Green,71,local://MSR-2025_05.pdf
2025,5,SOMERSET,Green,18,local://MSR-2025_05.pdf
2025,5,TALBOT,Green,22,local://MSR-2025_05.pdf
2025,5,WASHINGTON,Green,136,local://MSR-2025_05.pdf
2025,5,WICOMICO,Green,73,local://MSR-2025_05.pdf
2025,5,WORCESTER,Green,45,local://MSR-2025_05.pdf
2025,5,ALLEGANY,Working Class,55,local://MSR-2025_05.pdf
2025,5,ANNE ARUNDEL,Working Class,268,local://MSR-2025_05.pdf
2025,5,BALTIMORE CITY,Working Class,435,local://MSR-2025_05.pdf
2025,5,BALTIMORE CO.,Working Class,436,local://MSR-2025_05.pdf
2025,5,CALVERT,Working Class,39,local://MSR-2025_05.pdf
2025,5,CAROLINE,Working Class,26,local://MSR-2025_05.pdf
2025,5,CARROLL,Working Class,67,local://MSR-2025_05.pdf
2025,5,CECIL,Working Class,77,local://MSR-2025_05.pdf
2025,5,CHARLES,Working Class,99,local://MSR-2025_05.pdf
2025,5,DORCHESTER,Working Class,26,local://MSR-2025_05.pdf
2025,5,FREDERICK,Working Class,123,local://MSR-2025_05.pdf
2025,5,GARRETT,Working Class,14,local://MSR-2025_05.pdf
2025,5,HARFORD,Working Class,145,local://MSR-2025_05.pdf
2025,5,HOWARD,Working Class,88,local://MSR-2025_05.pdf
2025,5,KENT,Working Class,11,local://MSR-2025_05.pdf
2025,5,MONTGOMERY,Working Class,274,local://MSR-2025_05.pdf
2025,5,PR. GEORGE'S,Working Class,399,local://MSR-2025_05.pdf
2025,5,QUEEN ANNE'S,Working Class,23,local://MSR-2025_05.pdf
2025,5,ST. MARY'S,Working Class,57,local://MSR-2025_05.pdf
2025,5,SOMERSET,Working Class,16,local://MSR-2025_05.pdf
2025,5,TALBOT,Working Class,7,local://MSR-2025_05.pdf
2025,5,WASHINGTON,Working Class,99,local://MSR-2025_05.pdf
2025,5,WICOMICO,Working Class,72,local://MSR-2025_05.pdf
2025,5,WORCESTER,Working Class,22,local://MSR-2025_05.pdf
2025,5,ALLEGANY,Unaffiliated,9182,local://MSR-2025_05.pdf
2025,5,ANNE ARUNDEL,Unaffiliated,108312,local://MSR-2025_05.pdf
2025,5,BALTIMORE CITY,Unaffiliated,67995,local://MSR-2025_05.pdf
2025,5,BALTIMORE CO.,Unaffiliated,123935,local://MSR-2025_05.pdf
2025,5,CALVERT,Unaffiliated,17074,local://MSR-2025_05.pdf
2025,5,CAROLINE,Unaffiliated,5082,local://MSR-2025_05.pdf
2025,5,CARROLL,Unaffiliated,31297,local://MSR-2025_05.pdf
2025,5,CECIL,Unaffiliated,17675,local://MSR-2025_05.pdf
2025,5,CHARLES,Unaffiliated,26306,local://MSR-2025_05.pdf
2025,5,DORCHESTER,Unaffiliated,4484,local://MSR-2025_05.pdf
2025,5,FREDERICK,Unaffiliated,56154,local://MSR-2025_05.pdf
2025,5,GARRETT,Unaffiliated,3194,local://MSR-2025_05.pdf
2025,5,HARFORD,Unaffiliated,46686,local://MSR-2025_05.pdf
2025,5,HOWARD,Unaffiliated,65473,local://MSR-2025_05.pdf
2025,5,KENT,Unaffiliated,2879,local://MSR-2025_05.pdf
2025,5,MONTGOMERY,Unaffiliated,182324,local://MSR-2025_05.pdf
2025,5,PR. GEORGE'S,Unaffiliated,107302,local://MSR-2025_05.pdf
2025,5,QUEEN ANNE'S,Unaffiliated,9201,local://MSR-2025_05.pdf
2025,5,ST. MARY'S,Unaffiliated,18770,local://MSR-2025_05.pdf
2025,5,SOMERSET,Unaffiliated,2620,local://MSR-2025_05.pdf
2025,5,TALBOT,Unaffiliated,6114,local://MSR-2025_05.pdf
2025,5,WASHINGTON,Unaffiliated,24959,local://MSR-2025_05.pdf
2025,5,WICOMICO,Unaffiliated,15688,local://MSR-2025_05.pdf
2025,5,WORCESTER,Unaffiliated,9496,local://MSR-2025_05.pdf
2025,5,ALLEGANY,Other,774,local://MSR-2025_05.pdf
2025,5,ANNE ARUNDEL,Other,6645,local://MSR-2025_05.pdf
2025,5,BALTIMORE CITY,Other,6829,local://MSR-2025_05.pdf
2025,5,BALTIMORE CO.,Other,10220,local://MSR-2025_05.pdf
2025,5,CALVERT,Other,1148,local://MSR-2025_05.pdf
2025,5,CAROLINE,Other,375,local://MSR-2025_05.pdf
2025,5,CARROLL,Other,2105,local://MSR-2025_05.pdf
2025,5,CECIL,Other,1338,local://MSR-2025_05.pdf
2025,5,CHARLES,Other,1682,local://MSR-2025_05.pdf
2025,5,DORCHESTER,Other,385,local://MSR-2025_05.pdf
2025,5,FREDERICK,Other,2926,local://MSR-2025_05.pdf
2025,5,GARRETT,Other,296,local://MSR-2025_05.pdf
2025,5,HARFORD,Other,3450,local://MSR-2025_05.pdf
2025,5,HOWARD,Other,3504,local://MSR-2025_05.pdf
2025,5,KENT,Other,211,local://MSR-2025_05.pdf
2025,5,MONTGOMERY,Other,9814,local://MSR-2025_05.pdf
2025,5,PR. GEORGE'S,Other,14249,local://MSR-2025_05.pdf
2025,5,QUEEN ANNE'S,Other,616,local://MSR-2025_05.pdf
2025,5,ST. MARY'S,Other,1275,local://MSR-2025_05.pdf
2025,5,SOMERSET,Other,240,local://MSR-2025_05.pdf
2025,5,TALBOT,Other,447,local://MSR-2025_05.pdf
2025,5,WASHINGTON,Other,1681,local://MSR-2025_05.pdf
2025,5,WICOMICO,Other,1279,local://MSR-2025_05.pdf
2025,5,WORCESTER,Other,802,local://MSR-2025_05.pdf
2025,6,ALLEGANY,Democratic,10841,local://MSR-2025_06.pdf
2025,6,ANNE ARUNDEL,Democratic,173207,local://MSR-2025_06.pdf
2025,6,BALTIMORE CITY,Democratic,301146,local://MSR-2025_06.pdf
2025,6,BALTIMORE CO.,Democratic,308715,local://MSR-2025_06.pdf
2025,6,CALVERT,Democratic,23486,local://MSR-2025_06.pdf
2025,6,CAROLINE,Democratic,6002,local://MSR-2025_06.pdf
2025,6,CARROLL,Democratic,33146,local://MSR-2025_06.pdf
2025,6,CECIL,Democratic,18980,local://MSR-2025_06.pdf
2025,6,CHARLES,Democratic,76842,local://MSR-2025_06.pdf
2025,6,DORCHESTER,Democratic,9495,local://MSR-2025_06.pdf
2025,6,FREDERICK,Democratic,79357,local://MSR-2025_06.pdf
2025,6,GARRETT,Democratic,3434,local://MSR-2025_06.pdf
2025,6,HARFORD,Democratic,64494,local://MSR-2025_06.pdf
2025,6,HOWARD,Democratic,123331,local://MSR-2025_06.pdf
2025,6,KENT,Democratic,5676,local://MSR-2025_06.pdf
2025,6,MONTGOMERY,Democratic,408818,local://MSR-2025_06.pdf
2025,6,PR. GEORGE'S,Democratic,461672,local://MSR-2025_06.pdf
2025,6,QUEEN ANNE'S,Democratic,11306,local://MSR-2025_06.pdf
2025,6,ST. MARY'S,Democratic,25017,local://MSR-2025_06.pdf
2025,6,SOMERSET,Democratic,5343,local://MSR-2025_06.pdf
2025,6,TALBOT,Democratic,10394,local://MSR-2025_06.pdf
2025,6,WASHINGTON,Democratic,30605,local://MSR-2025_06.pdf
2025,6,WICOMICO,Democratic,26163,local://MSR-2025_06.pdf
2025,6,WORCESTER,Democratic,13559,local://MSR-2025_06.pdf
2025,6,ALLEGANY,Republican,23767,local://MSR-2025_06.pdf
2025,6,ANNE ARUNDEL,Republican,130852,local://MSR-2025_06.pdf
2025,6,BALTIMORE CITY,Republican,30245,local://MSR-2025_06.pdf
2025,6,BALTIMORE CO.,Republican,141783,local://MSR-2025_06.pdf
2025,6,CALVERT,Republican,29045,local://MSR-2025_06.pdf
2025,6,CAROLINE,Republican,11280,local://MSR-2025_06.pdf
2025,6,CARROLL,Republican,64637,local://MSR-2025_06.pdf
2025,6,CECIL,Republican,36072,local://MSR-2025_06.pdf
2025,6,CHARLES,Republican,23807,local://MSR-2025_06.pdf
2025,6,DORCHESTER,Republican,9701,local://MSR-2025_06.pdf
2025,6,FREDERICK,Republican,69843,local://MSR-2025_06.pdf
2025,6,GARRETT,Republican,14114,local://MSR-2025_06.pdf
2025,6,HARFORD,Republican,82637,local://MSR-2025_06.pdf
2025,6,HOWARD,Republican,48934,local://MSR-2025_06.pdf
2025,6,KENT,Republican,5562,local://MSR-2025_06.pdf
2025,6,MONTGOMERY,Republican,102477,local://MSR-2025_06.pdf
2025,6,PR. GEORGE'S,Republican,42644,local://MSR-2025_06.pdf
2025,6,QUEEN ANNE'S,Republican,20987,local://MSR-2025_06.pdf
2025,6,ST. MARY'S,Republican,33661,local://MSR-2025_06.pdf
2025,6,SOMERSET,Republican,6397,local://MSR-2025_06.pdf
2025,6,TALBOT,Republican,11720,local://MSR-2025_06.pdf
2025,6,WASHINGTON,Republican,45444,local://MSR-2025_06.pdf
2025,6,WICOMICO,Republican,24811,local://MSR-2025_06.pdf
2025,6,WORCESTER,Republican,20205,local://MSR-2025_06.pdf
2025,6,ALLEGANY,Green,56,local://MSR-2025_06.pdf
2025,6,ANNE ARUNDEL,Green,488,local://MSR-2025_06.pdf
2025,6,BALTIMORE CITY,Green,803,local://MSR-2025_06.pdf
2025,6,BALTIMORE CO.,Green,774,local://MSR-2025_06.pdf
2025,6,CALVERT,Green,67,local://MSR-2025_06.pdf
2025,6,CAROLINE,Green,29,local://MSR-2025_06.pdf
2025,6,CARROLL,Green,144,local://MSR-2025_06.pdf
2025,6,CECIL,Green,80,local://MSR-2025_06.pdf
2025,6,CHARLES,Green,130,local://MSR-2025_06.pdf
2025,6,DORCHESTER,Green,18,local://MSR-2025_06.pdf
2025,6,FREDERICK,Green,251,local://MSR-2025_06.pdf
2025,6,GARRETT,Green,18,local://MSR-2025_06.pdf
2025,6,HARFORD,Green,179,local://MSR-2025_06.pdf
2025,6,HOWARD,Green,315,local://MSR-2025_06.pdf
2025,6,KENT,Green,14,local://MSR-2025_06.pdf
2025,6,MONTGOMERY,Green,979,local://MSR-2025_06.pdf
2025,6,PR. GEORGE'S,Green,755,local://MSR-2025_06.pdf
2025,6,QUEEN ANNE'S,Green,49,local://MSR-2025_06.pdf
2025,6,ST. MARY'S,Green,70,local://MSR-2025_06.pdf
2025,6,SOMERSET,Green,18,local://MSR-2025_06.pdf
2025,6,TALBOT,Green,22,local://MSR-2025_06.pdf
2025,6,WASHINGTON,Green,138,local://MSR-2025_06.pdf
2025,6,WICOMICO,Green,78,local://MSR-2025_06.pdf
2025,6,WORCESTER,Green,44,local://MSR-2025_06.pdf
2025,6,ALLEGANY,Working Class,55,local://MSR-2025_06.pdf
2025,6,ANNE ARUNDEL,Working Class,285,local://MSR-2025_06.pdf
2025,6,BALTIMORE CITY,Working Class,463,local://MSR-2025_06.pdf
2025,6,BALTIMORE CO.,Working Class,447,local://MSR-2025_06.pdf
2025,6,CALVERT,Working Class,41,local://MSR-2025_06.pdf
2025,6,CAROLINE,Working Class,26,local://MSR-2025_06.pdf
2025,6,CARROLL,Working Class,69,local://MSR-2025_06.pdf
2025,6,CECIL,Working Class,80,local://MSR-2025_06.pdf
2025,6,CHARLES,Working Class,106,local://MSR-2025_06.pdf
2025,6,DORCHESTER,Working Class,26,local://MSR-2025_06.pdf
2025,6,FREDERICK,Working Class,130,local://MSR-2025_06.pdf
2025,6,GARRETT,Working Class,15,local://MSR-2025_06.pdf
2025,6,HARFORD,Working Class,156,local://MSR-2025_06.pdf
2025,6,HOWARD,Working Class,91,local://MSR-2025_06.pdf
2025,6,KENT,Working Class,14,local://MSR-2025_06.pdf
2025,6,MONTGOMERY,Working Class,295,local://MSR-2025_06.pdf
2025,6,PR. GEORGE'S,Working Class,425,local://MSR-2025_06.pdf
2025,6,QUEEN ANNE'S,Working Class,25,local://MSR-2025_06.pdf
2025,6,ST. MARY'S,Working Class,61,local://MSR-2025_06.pdf
2025,6,SOMERSET,Working Class,16,local://MSR-2025_06.pdf
2025,6,TALBOT,Working Class,8,local://MSR-2025_06.pdf
2025,6,WASHINGTON,Working Class,103,local://MSR-2025_06.pdf
2025,6,WICOMICO,Working Class,80,local://MSR-2025_06.pdf
2025,6,WORCESTER,Working Class,23,local://MSR-2025_06.pdf
2025,6,ALLEGANY,Unaffiliated,9198,local://MSR-2025_06.pdf
2025,6,ANNE ARUNDEL,Unaffiliated,108661,local://MSR-2025_06.pdf
2025,6,BALTIMORE CITY,Unaffiliated,68370,local://MSR-2025_06.pdf
2025,6,BALTIMORE CO.,Unaffiliated,124374,local://MSR-2025_06.pdf
2025,6,CALVERT,Unaffiliated,17108,local://MSR-2025_06.pdf
2025,6,CAROLINE,Unaffiliated,5104,local://MSR-2025_06.pdf
2025,6,CARROLL,Unaffiliated,31352,local://MSR-2025_06.pdf
2025,6,CECIL,Unaffiliated,17727,local://MSR-2025_06.pdf
2025,6,CHARLES,Unaffiliated,26423,local://MSR-2025_06.pdf
2025,6,DORCHESTER,Unaffiliated,4504,local://MSR-2025_06.pdf
2025,6,FREDERICK,Unaffiliated,56391,local://MSR-2025_06.pdf
2025,6,GARRETT,Unaffiliated,3213,local://MSR-2025_06.pdf
2025,6,HARFORD,Unaffiliated,46857,local://MSR-2025_06.pdf
2025,6,HOWARD,Unaffiliated,65777,local://MSR-2025_06.pdf
2025,6,KENT,Unaffiliated,2889,local://MSR-2025_06.pdf
2025,6,MONTGOMERY,Unaffiliated,183003,local://MSR-2025_06.pdf
2025,6,PR. GEORGE'S,Unaffiliated,107959,local://MSR-2025_06.pdf
2025,6,QUEEN ANNE'S,Unaffiliated,9265,local://MSR-2025_06.pdf
2025,6,ST. MARY'S,Unaffiliated,18802,local://MSR-2025_06.pdf
2025,6,SOMERSET,Unaffiliated,2642,local://MSR-2025_06.pdf
2025,6,TALBOT,Unaffiliated,6119,local://MSR-2025_06.pdf
2025,6,WASHINGTON,Unaffiliated,25069,local://MSR-2025_06.pdf
2025,6,WICOMICO,Unaffiliated,15739,local://MSR-2025_06.pdf
2025,6,WORCESTER,Unaffiliated,9499,local://MSR-2025_06.pdf
2025,6,ALLEGANY,Other,773,local://MSR-2025_06.pdf
2025,6,ANNE ARUNDEL,Other,6646,local://MSR-2025_06.pdf
2025,6,BALTIMORE CITY,Other,6798,local://MSR-2025_06.pdf
2025,6,BALTIMORE CO.,Other,10200,local://MSR-2025_06.pdf
2025,6,CALVERT,Other,1148,local://MSR-2025_06.pdf
2025,6,CAROLINE,Other,375,local://MSR-2025_06.pdf
2025,6,CARROLL,Other,2093,local://MSR-2025_06.pdf
2025,6,CECIL,Other,1330,local://MSR-2025_06.pdf
2025,6,CHARLES,Other,1672,local://MSR-2025_06.pdf
2025,6,DORCHESTER,Other,387,local://MSR-2025_06.pdf
2025,6,FREDERICK,Other,2917,local://MSR-2025_06.pdf
2025,6,GARRETT,Other,295,local://MSR-2025_06.pdf
2025,6,HARFORD,Other,3432,local://MSR-2025_06.pdf
2025,6,HOWARD,Other,3488,local://MSR-2025_06.pdf
2025,6,KENT,Other,211,local://MSR-2025_06.pdf
2025,6,MONTGOMERY,Other,9802,local://MSR-2025_06.pdf
2025,6,PR. GEORGE'S,Other,14207,local://MSR-2025_06.pdf
2025,6,QUEEN ANNE'S,Other,616,local://MSR-2025_06.pdf
2025,6,ST. MARY'S,Other,1274,local://MSR-2025_06.pdf
2025,6,SOMERSET,Other,238,local://MSR-2025_06.pdf
2025,6,TALBOT,Other,444,local://MSR-2025_06.pdf
2025,6,WASHINGTON,Other,1677,local://MSR-2025_06.pdf
2025,6,WICOMICO,Other,1274,local://MSR-2025_06.pdf
2025,6,WORCESTER,Other,803,local://MSR-2025_06.pdf
2025,7,ALLEGANY,Democratic,10844,local://MSR-2025_07.pdf
2025,7,ANNE ARUNDEL,Democratic,173577,local://MSR-2025_07.pdf
2025,7,BALTIMORE CITY,Democratic,301232,local://MSR-2025_07.pdf
2025,7,BALTIMORE CO.,Democratic,308769,local://MSR-2025_07.pdf
2025,7,CALVERT,Democratic,23491,local://MSR-2025_07.pdf
2025,7,CAROLINE,Democratic,5994,local://MSR-2025_07.pdf
2025,7,CARROLL,Democratic,33187,local://MSR-2025_07.pdf
2025,7,CECIL,Democratic,18984,local://MSR-2025_07.pdf
2025,7,CHARLES,Democratic,77021,local://MSR-2025_07.pdf
2025,7,DORCHESTER,Democratic,9485,local://MSR-2025_07.pdf
2025,7,FREDERICK,Democratic,79476,local://MSR-2025_07.pdf
2025,7,GARRETT,Democratic,3428,local://MSR-2025_07.pdf
2025,7,HARFORD,Democratic,64636,local://MSR-2025_07.pdf
2025,7,HOWARD,Democratic,123509,local://MSR-2025_07.pdf
2025,7,KENT,Democratic,5682,local://MSR-2025_07.pdf
2025,7,MONTGOMERY,Democratic,408168,local://MSR-2025_07.pdf
2025,7,PR. GEORGE'S,Democratic,461363,local://MSR-2025_07.pdf
2025,7,QUEEN ANNE'S,Democratic,11330,local://MSR-2025_07.pdf
2025,7,ST. MARY'S,Democratic,25036,local://MSR-2025_07.pdf
2025,7,SOMERSET,Democratic,5345,local://MSR-2025_07.pdf
2025,7,TALBOT,Democratic,10412,local://MSR-2025_07.pdf
2025,7,WASHINGTON,Democratic,30646,local://MSR-2025_07.pdf
2025,7,WICOMICO,Democratic,26179,local://MSR-2025_07.pdf
2025,7,WORCESTER,Democratic,13567,local://MSR-2025_07.pdf
2025,7,ALLEGANY,Republican,23760,local://MSR-2025_07.pdf
2025,7,ANNE ARUNDEL,Republican,130947,local://MSR-2025_07.pdf
2025,7,BALTIMORE CITY,Republican,30222,local://MSR-2025_07.pdf
2025,7,BALTIMORE CO.,Republican,141760,local://MSR-2025_07.pdf
2025,7,CALVERT,Republican,29075,local://MSR-2025_07.pdf
2025,7,CAROLINE,Republican,11298,local://MSR-2025_07.pdf
2025,7,CARROLL,Republican,64712,local://MSR-2025_07.pdf
2025,7,CECIL,Republican,36108,local://MSR-2025_07.pdf
2025,7,CHARLES,Republican,23798,local://MSR-2025_07.pdf
2025,7,DORCHESTER,Republican,9704,local://MSR-2025_07.pdf
2025,7,FREDERICK,Republican,69802,local://MSR-2025_07.pdf
2025,7,GARRETT,Republican,14130,local://MSR-2025_07.pdf
2025,7,HARFORD,Republican,82706,local://MSR-2025_07.pdf
2025,7,HOWARD,Republican,48902,local://MSR-2025_07.pdf
2025,7,KENT,Republican,5563,local://MSR-2025_07.pdf
2025,7,MONTGOMERY,Republican,102206,local://MSR-2025_07.pdf
2025,7,PR. GEORGE'S,Republican,42612,local://MSR-2025_07.pdf
2025,7,QUEEN ANNE'S,Republican,20999,local://MSR-2025_07.pdf
2025,7,ST. MARY'S,Republican,33711,local://MSR-2025_07.pdf
2025,7,SOMERSET,Republican,6395,local://MSR-2025_07.pdf
2025,7,TALBOT,Republican,11714,local://MSR-2025_07.pdf
2025,7,WASHINGTON,Republican,45480,local://MSR-2025_07.pdf
2025,7,WICOMICO,Republican,24808,local://MSR-2025_07.pdf
2025,7,WORCESTER,Republican,20234,local://MSR-2025_07.pdf
2025,7,ALLEGANY,Green,56,local://MSR-2025_07.pdf
2025,7,ANNE ARUNDEL,Green,491,local://MSR-2025_07.pdf
2025,7,BALTIMORE CITY,Green,813,local://MSR-2025_07.pdf
2025,7,BALTIMORE CO.,Green,779,local://MSR-2025_07.pdf
2025,7,CALVERT,Green,67,local://MSR-2025_07.pdf
2025,7,CAROLINE,Green,29,local://MSR-2025_07.pdf
2025,7,CARROLL,Green,147,local://MSR-2025_07.pdf
2025,7,CECIL,Green,81,local://MSR-2025_07.pdf
2025,7,CHARLES,Green,131,local://MSR-2025_07.pdf
2025,7,DORCHESTER,Green,18,local://MSR-2025_07.pdf
2025,7,FREDERICK,Green,256,local://MSR-2025_07.pdf
2025,7,GARRETT,Green,18,local://MSR-2025_07.pdf
2025,7,HARFORD,Green,184,local://MSR-2025_07.pdf
2025,7,HOWARD,Green,316,local://MSR-2025_07.pdf
2025,7,KENT,Green,14,local://MSR-2025_07.pdf
2025,7,MONTGOMERY,Green,990,local://MSR-2025_07.pdf
2025,7,PR. GEORGE'S,Green,762,local://MSR-2025_07.pdf
2025,7,QUEEN ANNE'S,Green,49,local://MSR-2025_07.pdf
2025,7,ST. MARY'S,Green,69,local://MSR-2025_07.pdf
2025,7,SOMERSET,Green,17,local://MSR-2025_07.pdf
2025,7,TALBOT,Green,22,local://MSR-2025_07.pdf
2025,7,WASHINGTON,Green,142,local://MSR-2025_07.pdf
2025,7,WICOMICO,Green,80,local://MSR-2025_07.pdf
2025,7,WORCESTER,Green,44,local://MSR-2025_07.pdf
2025,7,ALLEGANY,Working Class,57,local://MSR-2025_07.pdf
2025,7,ANNE ARUNDEL,Working Class,301,local://MSR-2025_07.pdf
2025,7,BALTIMORE CITY,Working Class,497,local://MSR-2025_07.pdf
2025,7,BALTIMORE CO.,Working Class,490,local://MSR-2025_07.pdf
2025,7,CALVERT,Working Class,41,local://MSR-2025_07.pdf
2025,7,CAROLINE,Working Class,27,local://MSR-2025_07.pdf
2025,7,CARROLL,Working Class,71,local://MSR-2025_07.pdf
2025,7,CECIL,Working Class,82,local://MSR-2025_07.pdf
2025,7,CHARLES,Working Class,111,local://MSR-2025_07.pdf
2025,7,DORCHESTER,Working Class,29,local://MSR-2025_07.pdf
2025,7,FREDERICK,Working Class,140,local://MSR-2025_07.pdf
2025,7,GARRETT,Working Class,14,local://MSR-2025_07.pdf
2025,7,HARFORD,Working Class,168,local://MSR-2025_07.pdf
2025,7,HOWARD,Working Class,96,local://MSR-2025_07.pdf
2025,7,KENT,Working Class,14,local://MSR-2025_07.pdf
2025,7,MONTGOMERY,Working Class,319,local://MSR-2025_07.pdf
2025,7,PR. GEORGE'S,Working Class,458,local://MSR-2025_07.pdf
2025,7,QUEEN ANNE'S,Working Class,28,local://MSR-2025_07.pdf
2025,7,ST. MARY'S,Working Class,62,local://MSR-2025_07.pdf
2025,7,SOMERSET,Working Class,18,local://MSR-2025_07.pdf
2025,7,TALBOT,Working Class,10,local://MSR-2025_07.pdf
2025,7,WASHINGTON,Working Class,113,local://MSR-2025_07.pdf
2025,7,WICOMICO,Working Class,83,local://MSR-2025_07.pdf
2025,7,WORCESTER,Working Class,27,local://MSR-2025_07.pdf
2025,7,ALLEGANY,Unaffiliated,9245,local://MSR-2025_07.pdf
2025,7,ANNE ARUNDEL,Unaffiliated,109337,local://MSR-2025_07.pdf
2025,7,BALTIMORE CITY,Unaffiliated,68866,local://MSR-2025_07.pdf
2025,7,BALTIMORE CO.,Unaffiliated,125121,local://MSR-2025_07.pdf
2025,7,CALVERT,Unaffiliated,17214,local://MSR-2025_07.pdf
2025,7,CAROLINE,Unaffiliated,5133,local://MSR-2025_07.pdf
2025,7,CARROLL,Unaffiliated,31506,local://MSR-2025_07.pdf
2025,7,CECIL,Unaffiliated,17806,local://MSR-2025_07.pdf
2025,7,CHARLES,Unaffiliated,26624,local://MSR-2025_07.pdf
2025,7,DORCHESTER,Unaffiliated,4519,local://MSR-2025_07.pdf
2025,7,FREDERICK,Unaffiliated,56751,local://MSR-2025_07.pdf
2025,7,GARRETT,Unaffiliated,3234,local://MSR-2025_07.pdf
2025,7,HARFORD,Unaffiliated,47102,local://MSR-2025_07.pdf
2025,7,HOWARD,Unaffiliated,66163,local://MSR-2025_07.pdf
2025,7,KENT,Unaffiliated,2911,local://MSR-2025_07.pdf
2025,7,MONTGOMERY,Unaffiliated,183845,local://MSR-2025_07.pdf
2025,7,PR. GEORGE'S,Unaffiliated,108613,local://MSR-2025_07.pdf
2025,7,QUEEN ANNE'S,Unaffiliated,9324,local://MSR-2025_07.pdf
2025,7,ST. MARY'S,Unaffiliated,18913,local://MSR-2025_07.pdf
2025,7,SOMERSET,Unaffiliated,2669,local://MSR-2025_07.pdf
2025,7,TALBOT,Unaffiliated,6142,local://MSR-2025_07.pdf
2025,7,WASHINGTON,Unaffiliated,25238,local://MSR-2025_07.pdf
2025,7,WICOMICO,Unaffiliated,15841,local://MSR-2025_07.pdf
2025,7,WORCESTER,Unaffiliated,9554,local://MSR-2025_07.pdf
2025,7,ALLEGANY,Other,770,local://MSR-2025_07.pdf
2025,7,ANNE ARUNDEL,Other,6636,local://MSR-2025_07.pdf
2025,7,BALTIMORE CITY,Other,6795,local://MSR-2025_07.pdf
2025,7,BALTIMORE CO.,Other,10207,local://MSR-2025_07.pdf
2025,7,CALVERT,Other,1153,local://MSR-2025_07.pdf
2025,7,CAROLINE,Other,378,local://MSR-2025_07.pdf
2025,7,CARROLL,Other,2086,local://MSR-2025_07.pdf
2025,7,CECIL,Other,1324,local://MSR-2025_07.pdf
2025,7,CHARLES,Other,1671,local://MSR-2025_07.pdf
2025,7,DORCHESTER,Other,385,local://MSR-2025_07.pdf
2025,7,FREDERICK,Other,2915,local://MSR-2025_07.pdf
2025,7,GARRETT,Other,296,local://MSR-2025_07.pdf
2025,7,HARFORD,Other,3418,local://MSR-2025_07.pdf
2025,7,HOWARD,Other,3477,local://MSR-2025_07.pdf
2025,7,KENT,Other,211,local://MSR-2025_07.pdf
2025,7,MONTGOMERY,Other,9755,local://MSR-2025_07.pdf
2025,7,PR. GEORGE'S,Other,14188,local://MSR-2025_07.pdf
2025,7,QUEEN ANNE'S,Other,613,local://MSR-2025_07.pdf
2025,7,ST. MARY'S,Other,1270,local://MSR-2025_07.pdf
2025,7,SOMERSET,Other,240,local://MSR-2025_07.pdf
2025,7,TALBOT,Other,440,local://MSR-2025_07.pdf
2025,7,WASHINGTON,Other,1676,local://MSR-2025_07.pdf
2025,7,WICOMICO,Other,1277,local://MSR-2025_07.pdf
2025,7,WORCESTER,Other,806,local://MSR-2025_07.pdf
2025,8,ALLEGANY,Democratic,10847,local://MSR-2025_08.pdf
2025,8,ANNE ARUNDEL,Democratic,173820,local://MSR-2025_08.pdf
2025,8,BALTIMORE CITY,Democratic,301189,local://MSR-2025_08.pdf
2025,8,BALTIMORE CO.,Democratic,308952,local://MSR-2025_08.pdf
2025,8,CALVERT,Democratic,23508,local://MSR-2025_08.pdf
2025,8,CAROLINE,Democratic,5985,local://MSR-2025_08.pdf
2025,8,CARROLL,Democratic,33158,local://MSR-2025_08.pdf
2025,8,CECIL,Democratic,18998,local://MSR-2025_08.pdf
2025,8,CHARLES,Democratic,77255,local://MSR-2025_08.pdf
2025,8,DORCHESTER,Democratic,9497,local://MSR-2025_08.pdf
2025,8,FREDERICK,Democratic,79567,local://MSR-2025_08.pdf
2025,8,GARRETT,Democratic,3436,local://MSR-2025_08.pdf
2025,8,HARFORD,Democratic,64693,local://MSR-2025_08.pdf
2025,8,HOWARD,Democratic,123669,local://MSR-2025_08.pdf
2025,8,KENT,Democratic,5684,local://MSR-2025_08.pdf
2025,8,MONTGOMERY,Democratic,408388,local://MSR-2025_08.pdf
2025,8,PR. GEORGE'S,Democratic,461170,local://MSR-2025_08.pdf
2025,8,QUEEN ANNE'S,Democratic,11367,local://MSR-2025_08.pdf
2025,8,ST. MARY'S,Democratic,25056,local://MSR-2025_08.pdf
2025,8,SOMERSET,Democratic,5362,local://MSR-2025_08.pdf
2025,8,TALBOT,Democratic,10421,local://MSR-2025_08.pdf
2025,8,WASHINGTON,Democratic,30704,local://MSR-2025_08.pdf
2025,8,WICOMICO,Democratic,26186,local://MSR-2025_08.pdf
2025,8,WORCESTER,Democratic,13564,local://MSR-2025_08.pdf
2025,8,ALLEGANY,Republican,23738,local://MSR-2025_08.pdf
2025,8,ANNE ARUNDEL,Republican,130940,local://MSR-2025_08.pdf
2025,8,BALTIMORE CITY,Republican,30230,local://MSR-2025_08.pdf
2025,8,BALTIMORE CO.,Republican,141702,local://MSR-2025_08.pdf
2025,8,CALVERT,Republican,29119,local://MSR-2025_08.pdf
2025,8,CAROLINE,Republican,11304,local://MSR-2025_08.pdf
2025,8,CARROLL,Republican,64626,local://MSR-2025_08.pdf
2025,8,CECIL,Republican,36136,local://MSR-2025_08.pdf
2025,8,CHARLES,Republican,23833,local://MSR-2025_08.pdf
2025,8,DORCHESTER,Republican,9714,local://MSR-2025_08.pdf
2025,8,FREDERICK,Republican,69837,local://MSR-2025_08.pdf
2025,8,GARRETT,Republican,14129,local://MSR-2025_08.pdf
2025,8,HARFORD,Republican,82773,local://MSR-2025_08.pdf
2025,8,HOWARD,Republican,48830,local://MSR-2025_08.pdf
2025,8,KENT,Republican,5582,local://MSR-2025_08.pdf
2025,8,MONTGOMERY,Republican,102059,local://MSR-2025_08.pdf
2025,8,PR. GEORGE'S,Republican,42591,local://MSR-2025_08.pdf
2025,8,QUEEN ANNE'S,Republican,21008,local://MSR-2025_08.pdf
2025,8,ST. MARY'S,Republican,33744,local://MSR-2025_08.pdf
2025,8,SOMERSET,Republican,6405,local://MSR-2025_08.pdf
2025,8,TALBOT,Republican,11701,local://MSR-2025_08.pdf
2025,8,WASHINGTON,Republican,45519,local://MSR-2025_08.pdf
2025,8,WICOMICO,Republican,24811,local://MSR-2025_08.pdf
2025,8,WORCESTER,Republican,20279,local://MSR-2025_08.pdf
2025,8,ALLEGANY,Green,57,local://MSR-2025_08.pdf
2025,8,ANNE ARUNDEL,Green,497,local://MSR-2025_08.pdf
2025,8,BALTIMORE CITY,Green,815,local://MSR-2025_08.pdf
2025,8,BALTIMORE CO.,Green,788,local://MSR-2025_08.pdf
2025,8,CALVERT,Green,67,local://MSR-2025_08.pdf
2025,8,CAROLINE,Green,29,local://MSR-2025_08.pdf
2025,8,CARROLL,Green,149,local://MSR-2025_08.pdf
2025,8,CECIL,Green,80,local://MSR-2025_08.pdf
2025,8,CHARLES,Green,131,local://MSR-2025_08.pdf
2025,8,DORCHESTER,Green,19,local://MSR-2025_08.pdf
2025,8,FREDERICK,Green,263,local://MSR-2025_08.pdf
2025,8,GARRETT,Green,18,local://MSR-2025_08.pdf
2025,8,HARFORD,Green,187,local://MSR-2025_08.pdf
2025,8,HOWARD,Green,317,local://MSR-2025_08.pdf
2025,8,KENT,Green,14,local://MSR-2025_08.pdf
2025,8,MONTGOMERY,Green,993,local://MSR-2025_08.pdf
2025,8,PR. GEORGE'S,Green,768,local://MSR-2025_08.pdf
2025,8,QUEEN ANNE'S,Green,50,local://MSR-2025_08.pdf
2025,8,ST. MARY'S,Green,72,local://MSR-2025_08.pdf
2025,8,SOMERSET,Green,16,local://MSR-2025_08.pdf
2025,8,TALBOT,Green,22,local://MSR-2025_08.pdf
2025,8,WASHINGTON,Green,145,local://MSR-2025_08.pdf
2025,8,WICOMICO,Green,81,local://MSR-2025_08.pdf
2025,8,WORCESTER,Green,46,local://MSR-2025_08.pdf
2025,8,ALLEGANY,Working Class,58,local://MSR-2025_08.pdf
2025,8,ANNE ARUNDEL,Working Class,307,local://MSR-2025_08.pdf
2025,8,BALTIMORE CITY,Working Class,512,local://MSR-2025_08.pdf
2025,8,BALTIMORE CO.,Working Class,517,local://MSR-2025_08.pdf
2025,8,CALVERT,Working Class,45,local://MSR-2025_08.pdf
2025,8,CAROLINE,Working Class,27,local://MSR-2025_08.pdf
2025,8,CARROLL,Working Class,74,local://MSR-2025_08.pdf
2025,8,CECIL,Working Class,91,local://MSR-2025_08.pdf
2025,8,CHARLES,Working Class,117,local://MSR-2025_08.pdf
2025,8,DORCHESTER,Working Class,29,local://MSR-2025_08.pdf
2025,8,FREDERICK,Working Class,149,local://MSR-2025_08.pdf
2025,8,GARRETT,Working Class,14,local://MSR-2025_08.pdf
2025,8,HARFORD,Working Class,170,local://MSR-2025_08.pdf
2025,8,HOWARD,Working Class,101,local://MSR-2025_08.pdf
2025,8,KENT,Working Class,14,local://MSR-2025_08.pdf
2025,8,MONTGOMERY,Working Class,336,local://MSR-2025_08.pdf
2025,8,PR. GEORGE'S,Working Class,473,local://MSR-2025_08.pdf
2025,8,QUEEN ANNE'S,Working Class,28,local://MSR-2025_08.pdf
2025,8,ST. MARY'S,Working Class,64,local://MSR-2025_08.pdf
2025,8,SOMERSET,Working Class,19,local://MSR-2025_08.pdf
2025,8,TALBOT,Working Class,12,local://MSR-2025_08.pdf
2025,8,WASHINGTON,Working Class,113,local://MSR-2025_08.pdf
2025,8,WICOMICO,Working Class,87,local://MSR-2025_08.pdf
2025,8,WORCESTER,Working Class,27,local://MSR-2025_08.pdf
2025,8,ALLEGANY,Unaffiliated,9272,local://MSR-2025_08.pdf
2025,8,ANNE ARUNDEL,Unaffiliated,109658,local://MSR-2025_08.pdf
2025,8,BALTIMORE CITY,Unaffiliated,69299,local://MSR-2025_08.pdf
2025,8,BALTIMORE CO.,Unaffiliated,125736,local://MSR-2025_08.pdf
2025,8,CALVERT,Unaffiliated,17306,local://MSR-2025_08.pdf
2025,8,CAROLINE,Unaffiliated,5147,local://MSR-2025_08.pdf
2025,8,CARROLL,Unaffiliated,31558,local://MSR-2025_08.pdf
2025,8,CECIL,Unaffiliated,17918,local://MSR-2025_08.pdf
2025,8,CHARLES,Unaffiliated,26813,local://MSR-2025_08.pdf
2025,8,DORCHESTER,Unaffiliated,4536,local://MSR-2025_08.pdf
2025,8,FREDERICK,Unaffiliated,56936,local://MSR-2025_08.pdf
2025,8,GARRETT,Unaffiliated,3261,local://MSR-2025_08.pdf
2025,8,HARFORD,Unaffiliated,47293,local://MSR-2025_08.pdf
2025,8,HOWARD,Unaffiliated,66504,local://MSR-2025_08.pdf
2025,8,KENT,Unaffiliated,2938,local://MSR-2025_08.pdf
2025,8,MONTGOMERY,Unaffiliated,184574,local://MSR-2025_08.pdf
2025,8,PR. GEORGE'S,Unaffiliated,109164,local://MSR-2025_08.pdf
2025,8,QUEEN ANNE'S,Unaffiliated,9382,local://MSR-2025_08.pdf
2025,8,ST. MARY'S,Unaffiliated,19035,local://MSR-2025_08.pdf
2025,8,SOMERSET,Unaffiliated,2695,local://MSR-2025_08.pdf
2025,8,TALBOT,Unaffiliated,6157,local://MSR-2025_08.pdf
2025,8,WASHINGTON,Unaffiliated,25402,local://MSR-2025_08.pdf
2025,8,WICOMICO,Unaffiliated,15925,local://MSR-2025_08.pdf
2025,8,WORCESTER,Unaffiliated,9601,local://MSR-2025_08.pdf
2025,8,ALLEGANY,Other,767,local://MSR-2025_08.pdf
2025,8,ANNE ARUNDEL,Other,6758,local://MSR-2025_08.pdf
2025,8,BALTIMORE CITY,Other,6802,local://MSR-2025_08.pdf
2025,8,BALTIMORE CO.,Other,10195,local://MSR-2025_08.pdf
2025,8,CALVERT,Other,1153,local://MSR-2025_08.pdf
2025,8,CAROLINE,Other,380,local://MSR-2025_08.pdf
2025,8,CARROLL,Other,2072,local://MSR-2025_08.pdf
2025,8,CECIL,Other,1318,local://MSR-2025_08.pdf
2025,8,CHARLES,Other,1675,local://MSR-2025_08.pdf
2025,8,DORCHESTER,Other,384,local://MSR-2025_08.pdf
2025,8,FREDERICK,Other,2914,local://MSR-2025_08.pdf
2025,8,GARRETT,Other,296,local://MSR-2025_08.pdf
2025,8,HARFORD,Other,3423,local://MSR-2025_08.pdf
2025,8,HOWARD,Other,3473,local://MSR-2025_08.pdf
2025,8,KENT,Other,211,local://MSR-2025_08.pdf
2025,8,MONTGOMERY,Other,9747,local://MSR-2025_08.pdf
2025,8,PR. GEORGE'S,Other,14191,local://MSR-2025_08.pdf
2025,8,QUEEN ANNE'S,Other,618,local://MSR-2025_08.pdf
2025,8,ST. MARY'S,Other,1269,local://MSR-2025_08.pdf
2025,8,SOMERSET,Other,240,local://MSR-2025_08.pdf
2025,8,TALBOT,Other,436,local://MSR-2025_08.pdf
2025,8,WASHINGTON,Other,1671,local://MSR-2025_08.pdf
2025,8,WICOMICO,Other,1276,local://MSR-2025_08.pdf
2025,8,WORCESTER,Other,805,local://MSR-2025_08.pdf
2025,9,ALLEGANY,Democratic,10829,local://MSR-2025_09.pdf
2025,9,ANNE ARUNDEL,Democratic,173167,local://MSR-2025_09.pdf
2025,9,BALTIMORE CITY,Democratic,300088,local://MSR-2025_09.pdf
2025,9,BALTIMORE CO.,Democratic,308070,local://MSR-2025_09.pdf
2025,9,CALVERT,Democratic,23394,local://MSR-2025_09.pdf
2025,9,CAROLINE,Democratic,5966,local://MSR-2025_09.pdf
2025,9,CARROLL,Democratic,33120,local://MSR-2025_09.pdf
2025,9,CECIL,Democratic,18880,local://MSR-2025_09.pdf
2025,9,CHARLES,Democratic,77052,local://MSR-2025_09.pdf
2025,9,DORCHESTER,Democratic,9474,local://MSR-2025_09.pdf
2025,9,FREDERICK,Democratic,78897,local://MSR-2025_09.pdf
2025,9,GARRETT,Democratic,3419,local://MSR-2025_09.pdf
2025,9,HARFORD,Democratic,64559,local://MSR-2025_09.pdf
2025,9,HOWARD,Democratic,123193,local://MSR-2025_09.pdf
2025,9,KENT,Democratic,5658,local://MSR-2025_09.pdf
2025,9,MONTGOMERY,Democratic,406497,local://MSR-2025_09.pdf
2025,9,PR. GEORGE'S,Democratic,459965,local://MSR-2025_09.pdf
2025,9,QUEEN ANNE'S,Democratic,11373,local://MSR-2025_09.pdf
2025,9,ST. MARY'S,Democratic,24945,local://MSR-2025_09.pdf
2025,9,SOMERSET,Democratic,5341,local://MSR-2025_09.pdf
2025,9,TALBOT,Democratic,10427,local://MSR-2025_09.pdf
2025,9,WASHINGTON,Democratic,30611,local://MSR-2025_09.pdf
2025,9,WICOMICO,Democratic,26102,local://MSR-2025_09.pdf
2025,9,WORCESTER,Democratic,13547,local://MSR-2025_09.pdf
2025,9,ALLEGANY,Republican,23762,local://MSR-2025_09.pdf
2025,9,ANNE ARUNDEL,Republican,130362,local://MSR-2025_09.pdf
2025,9,BALTIMORE CITY,Republican,30188,local://MSR-2025_09.pdf
2025,9,BALTIMORE CO.,Republican,141386,local://MSR-2025_09.pdf
2025,9,CALVERT,Republican,29016,local://MSR-2025_09.pdf
2025,9,CAROLINE,Republican,11307,local://MSR-2025_09.pdf
2025,9,CARROLL,Republican,64614,local://MSR-2025_09.pdf
2025,9,CECIL,Republican,36065,local://MSR-2025_09.pdf
2025,9,CHARLES,Republican,23711,local://MSR-2025_09.pdf
2025,9,DORCHESTER,Republican,9721,local://MSR-2025_09.pdf
2025,9,FREDERICK,Republican,69356,local://MSR-2025_09.pdf
2025,9,GARRETT,Republican,14112,local://MSR-2025_09.pdf
2025,9,HARFORD,Republican,82635,local://MSR-2025_09.pdf
2025,9,HOWARD,Republican,48551,local://MSR-2025_09.pdf
2025,9,KENT,Republican,5567,local://MSR-2025_09.pdf
2025,9,MONTGOMERY,Republican,101619,local://MSR-2025_09.pdf
2025,9,PR. GEORGE'S,Republican,42480,local://MSR-2025_09.pdf
2025,9,QUEEN ANNE'S,Republican,21043,local://MSR-2025_09.pdf
2025,9,ST. MARY'S,Republican,33643,local://MSR-2025_09.pdf
2025,9,SOMERSET,Republican,6384,local://MSR-2025_09.pdf
2025,9,TALBOT,Republican,11714,local://MSR-2025_09.pdf
2025,9,WASHINGTON,Republican,45432,local://MSR-2025_09.pdf
2025,9,WICOMICO,Republican,24747,local://MSR-2025_09.pdf
2025,9,WORCESTER,Republican,20297,local://MSR-2025_09.pdf
2025,9,ALLEGANY,Green,57,local://MSR-2025_09.pdf
2025,9,ANNE ARUNDEL,Green,505,local://MSR-2025_09.pdf
2025,9,BALTIMORE CITY,Green,825,local://MSR-2025_09.pdf
2025,9,BALTIMORE CO.,Green,792,local://MSR-2025_09.pdf
2025,9,CALVERT,Green,69,local://MSR-2025_09.pdf
2025,9,CAROLINE,Green,33,local://MSR-2025_09.pdf
2025,9,CARROLL,Green,148,local://MSR-2025_09.pdf
2025,9,CECIL,Green,82,local://MSR-2025_09.pdf
2025,9,CHARLES,Green,135,local://MSR-2025_09.pdf
2025,9,DORCHESTER,Green,20,local://MSR-2025_09.pdf
2025,9,FREDERICK,Green,268,local://MSR-2025_09.pdf
2025,9,GARRETT,Green,18,local://MSR-2025_09.pdf
2025,9,HARFORD,Green,187,local://MSR-2025_09.pdf
2025,9,HOWARD,Green,330,local://MSR-2025_09.pdf
2025,9,KENT,Green,15,local://MSR-2025_09.pdf
2025,9,MONTGOMERY,Green,1023,local://MSR-2025_09.pdf
2025,9,PR. GEORGE'S,Green,789,local://MSR-2025_09.pdf
2025,9,QUEEN ANNE'S,Green,48,local://MSR-2025_09.pdf
2025,9,ST. MARY'S,Green,77,local://MSR-2025_09.pdf
2025,9,SOMERSET,Green,16,local://MSR-2025_09.pdf
2025,9,TALBOT,Green,21,local://MSR-2025_09.pdf
2025,9,WASHINGTON,Green,147,local://MSR-2025_09.pdf
2025,9,WICOMICO,Green,80,local://MSR-2025_09.pdf
2025,9,WORCESTER,Green,47,local://MSR-2025_09.pdf
2025,9,ALLEGANY,Working Class,64,local://MSR-2025_09.pdf
2025,9,ANNE ARUNDEL,Working Class,314,local://MSR-2025_09.pdf
2025,9,BALTIMORE CITY,Working Class,548,local://MSR-2025_09.pdf
2025,9,BALTIMORE CO.,Working Class,541,local://MSR-2025_09.pdf
2025,9,CALVERT,Working Class,46,local://MSR-2025_09.pdf
2025,9,CAROLINE,Working Class,29,local://MSR-2025_09.pdf
2025,9,CARROLL,Working Class,78,local://MSR-2025_09.pdf
2025,9,CECIL,Working Class,94,local://MSR-2025_09.pdf
2025,9,CHARLES,Working Class,120,local://MSR-2025_09.pdf
2025,9,DORCHESTER,Working Class,30,local://MSR-2025_09.pdf
2025,9,FREDERICK,Working Class,154,local://MSR-2025_09.pdf
2025,9,GARRETT,Working Class,14,local://MSR-2025_09.pdf
2025,9,HARFORD,Working Class,174,local://MSR-2025_09.pdf
2025,9,HOWARD,Working Class,105,local://MSR-2025_09.pdf
2025,9,KENT,Working Class,14,local://MSR-2025_09.pdf
2025,9,MONTGOMERY,Working Class,358,local://MSR-2025_09.pdf
2025,9,PR. GEORGE'S,Working Class,513,local://MSR-2025_09.pdf
2025,9,QUEEN ANNE'S,Working Class,31,local://MSR-2025_09.pdf
2025,9,ST. MARY'S,Working Class,64,local://MSR-2025_09.pdf
2025,9,SOMERSET,Working Class,20,local://MSR-2025_09.pdf
2025,9,TALBOT,Working Class,12,local://MSR-2025_09.pdf
2025,9,WASHINGTON,Working Class,118,local://MSR-2025_09.pdf
2025,9,WICOMICO,Working Class,91,local://MSR-2025_09.pdf
2025,9,WORCESTER,Working Class,27,local://MSR-2025_09.pdf
2025,9,ALLEGANY,Unaffiliated,9326,local://MSR-2025_09.pdf
2025,9,ANNE ARUNDEL,Unaffiliated,109566,local://MSR-2025_09.pdf
2025,9,BALTIMORE CITY,Unaffiliated,69420,local://MSR-2025_09.pdf
2025,9,BALTIMORE CO.,Unaffiliated,125953,local://MSR-2025_09.pdf
2025,9,CALVERT,Unaffiliated,17280,local://MSR-2025_09.pdf
2025,9,CAROLINE,Unaffiliated,5174,local://MSR-2025_09.pdf
2025,9,CARROLL,Unaffiliated,31687,local://MSR-2025_09.pdf
2025,9,CECIL,Unaffiliated,17908,local://MSR-2025_09.pdf
2025,9,CHARLES,Unaffiliated,26861,local://MSR-2025_09.pdf
2025,9,DORCHESTER,Unaffiliated,4543,local://MSR-2025_09.pdf
2025,9,FREDERICK,Unaffiliated,56684,local://MSR-2025_09.pdf
2025,9,GARRETT,Unaffiliated,3276,local://MSR-2025_09.pdf
2025,9,HARFORD,Unaffiliated,47357,local://MSR-2025_09.pdf
2025,9,HOWARD,Unaffiliated,66530,local://MSR-2025_09.pdf
2025,9,KENT,Unaffiliated,2942,local://MSR-2025_09.pdf
2025,9,MONTGOMERY,Unaffiliated,184871,local://MSR-2025_09.pdf
2025,9,PR. GEORGE'S,Unaffiliated,109903,local://MSR-2025_09.pdf
2025,9,QUEEN ANNE'S,Unaffiliated,9430,local://MSR-2025_09.pdf
2025,9,ST. MARY'S,Unaffiliated,19057,local://MSR-2025_09.pdf
2025,9,SOMERSET,Unaffiliated,2694,local://MSR-2025_09.pdf
2025,9,TALBOT,Unaffiliated,6194,local://MSR-2025_09.pdf
2025,9,WASHINGTON,Unaffiliated,25422,local://MSR-2025_09.pdf
2025,9,WICOMICO,Unaffiliated,15963,local://MSR-2025_09.pdf
2025,9,WORCESTER,Unaffiliated,9586,local://MSR-2025_09.pdf
2025,9,ALLEGANY,Other,763,local://MSR-2025_09.pdf
2025,9,ANNE ARUNDEL,Other,6782,local://MSR-2025_09.pdf
2025,9,BALTIMORE CITY,Other,6800,local://MSR-2025_09.pdf
2025,9,BALTIMORE CO.,Other,10139,local://MSR-2025_09.pdf
2025,9,CALVERT,Other,1139,local://MSR-2025_09.pdf
2025,9,CAROLINE,Other,371,local://MSR-2025_09.pdf
2025,9,CARROLL,Other,2067,local://MSR-2025_09.pdf
2025,9,CECIL,Other,1311,local://MSR-2025_09.pdf
2025,9,CHARLES,Other,1660,local://MSR-2025_09.pdf
2025,9,DORCHESTER,Other,384,local://MSR-2025_09.pdf
2025,9,FREDERICK,Other,2870,local://MSR-2025_09.pdf
2025,9,GARRETT,Other,295,local://MSR-2025_09.pdf
2025,9,HARFORD,Other,3392,local://MSR-2025_09.pdf
2025,9,HOWARD,Other,3448,local://MSR-2025_09.pdf
2025,9,KENT,Other,211,local://MSR-2025_09.pdf
2025,9,MONTGOMERY,Other,9679,local://MSR-2025_09.pdf
2025,9,PR. GEORGE'S,Other,14222,local://MSR-2025_09.pdf
2025,9,QUEEN ANNE'S,Other,619,local://MSR-2025_09.pdf
2025,9,ST. MARY'S,Other,1261,local://MSR-2025_09.pdf
2025,9,SOMERSET,Other,236,local://MSR-2025_09.pdf
2025,9,TALBOT,Other,438,local://MSR-2025_09.pdf
2025,9,WASHINGTON,Other,1659,local://MSR-2025_09.pdf
2025,9,WICOMICO,Other,1271,local://MSR-2025_09.pdf
2025,9,WORCESTER,Other,797,local://MSR-2025_09.pdf
2025,10,ALLEGANY,Democratic,10816,local://MSR-2025_10.pdf
2025,10,ANNE ARUNDEL,Democratic,173169,local://MSR-2025_10.pdf
2025,10,BALTIMORE CITY,Democratic,299951,local://MSR-2025_10.pdf
2025,10,BALTIMORE CO.,Democratic,307758,local://MSR-2025_10.pdf
2025,10,CALVERT,Democratic,23332,local://MSR-2025_10.pdf
2025,10,CAROLINE,Democratic,5954,local://MSR-2025_10.pdf
2025,10,CARROLL,Democratic,33018,local://MSR-2025_10.pdf
2025,10,CECIL,Democratic,18855,local://MSR-2025_10.pdf
2025,10,CHARLES,Democratic,76988,local://MSR-2025_10.pdf
2025,10,DORCHESTER,Democratic,9482,local://MSR-2025_10.pdf
2025,10,FREDERICK,Democratic,78539,local://MSR-2025_10.pdf
2025,10,GARRETT,Democratic,3410,local://MSR-2025_10.pdf
2025,10,HARFORD,Democratic,64479,local://MSR-2025_10.pdf
2025,10,HOWARD,Democratic,123249,local://MSR-2025_10.pdf
2025,10,KENT,Democratic,5639,local://MSR-2025_10.pdf
2025,10,MONTGOMERY,Democratic,406298,local://MSR-2025_10.pdf
2025,10,PR. GEORGE'S,Democratic,459548,local://MSR-2025_10.pdf
2025,10,QUEEN ANNE'S,Democratic,11277,local://MSR-2025_10.pdf
2025,10,ST. MARY'S,Democratic,24899,local://MSR-2025_10.pdf
2025,10,SOMERSET,Democratic,5347,local://MSR-2025_10.pdf
2025,10,TALBOT,Democratic,10426,local://MSR-2025_10.pdf
2025,10,WASHINGTON,Democratic,30591,local://MSR-2025_10.pdf
2025,10,WICOMICO,Democratic,26128,local://MSR-2025_10.pdf
2025,10,WORCESTER,Democratic,13540,local://MSR-2025_10.pdf
2025,10,ALLEGANY,Republican,23788,local://MSR-2025_10.pdf
2025,10,ANNE ARUNDEL,Republican,130448,local://MSR-2025_10.pdf
2025,10,BALTIMORE CITY,Republican,30218,local://MSR-2025_10.pdf
2025,10,BALTIMORE CO.,Republican,141260,local://MSR-2025_10.pdf
2025,10,CALVERT,Republican,28996,local://MSR-2025_10.pdf
2025,10,CAROLINE,Republican,11334,local://MSR-2025_10.pdf
2025,10,CARROLL,Republican,64560,local://MSR-2025_10.pdf
2025,10,CECIL,Republican,36094,local://MSR-2025_10.pdf
2025,10,CHARLES,Republican,23708,local://MSR-2025_10.pdf
2025,10,DORCHESTER,Republican,9741,local://MSR-2025_10.pdf
2025,10,FREDERICK,Republican,69275,local://MSR-2025_10.pdf
2025,10,GARRETT,Republican,14114,local://MSR-2025_10.pdf
2025,10,HARFORD,Republican,82742,local://MSR-2025_10.pdf
2025,10,HOWARD,Republican,48580,local://MSR-2025_10.pdf
2025,10,KENT,Republican,5593,local://MSR-2025_10.pdf
2025,10,MONTGOMERY,Republican,101629,local://MSR-2025_10.pdf
2025,10,PR. GEORGE'S,Republican,42508,local://MSR-2025_10.pdf
2025,10,QUEEN ANNE'S,Republican,20888,local://MSR-2025_10.pdf
2025,10,ST. MARY'S,Republican,33621,local://MSR-2025_10.pdf
2025,10,SOMERSET,Republican,6410,local://MSR-2025_10.pdf
2025,10,TALBOT,Republican,11731,local://MSR-2025_10.pdf
2025,10,WASHINGTON,Republican,45394,local://MSR-2025_10.pdf
2025,10,WICOMICO,Republican,24759,local://MSR-2025_10.pdf
2025,10,WORCESTER,Republican,20301,local://MSR-2025_10.pdf
2025,10,ALLEGANY,Green,58,local://MSR-2025_10.pdf
2025,10,ANNE ARUNDEL,Green,515,local://MSR-2025_10.pdf
2025,10,BALTIMORE CITY,Green,838,local://MSR-2025_10.pdf
2025,10,BALTIMORE CO.,Green,802,local://MSR-2025_10.pdf
2025,10,CALVERT,Green,69,local://MSR-2025_10.pdf
2025,10,CAROLINE,Green,33,local://MSR-2025_10.pdf
2025,10,CARROLL,Green,149,local://MSR-2025_10.pdf
2025,10,CECIL,Green,84,local://MSR-2025_10.pdf
2025,10,CHARLES,Green,137,local://MSR-2025_10.pdf
2025,10,DORCHESTER,Green,21,local://MSR-2025_10.pdf
2025,10,FREDERICK,Green,277,local://MSR-2025_10.pdf
2025,10,GARRETT,Green,19,local://MSR-2025_10.pdf
2025,10,HARFORD,Green,189,local://MSR-2025_10.pdf
2025,10,HOWARD,Green,333,local://MSR-2025_10.pdf
2025,10,KENT,Green,15,local://MSR-2025_10.pdf
2025,10,MONTGOMERY,Green,1045,local://MSR-2025_10.pdf
2025,10,PR. GEORGE'S,Green,803,local://MSR-2025_10.pdf
2025,10,QUEEN ANNE'S,Green,46,local://MSR-2025_10.pdf
2025,10,ST. MARY'S,Green,75,local://MSR-2025_10.pdf
2025,10,SOMERSET,Green,18,local://MSR-2025_10.pdf
2025,10,TALBOT,Green,22,local://MSR-2025_10.pdf
2025,10,WASHINGTON,Green,148,local://MSR-2025_10.pdf
2025,10,WICOMICO,Green,80,local://MSR-2025_10.pdf
2025,10,WORCESTER,Green,47,local://MSR-2025_10.pdf
2025,10,ALLEGANY,Working Class,70,local://MSR-2025_10.pdf
2025,10,ANNE ARUNDEL,Working Class,330,local://MSR-2025_10.pdf
2025,10,BALTIMORE CITY,Working Class,581,local://MSR-2025_10.pdf
2025,10,BALTIMORE CO.,Working Class,565,local://MSR-2025_10.pdf
2025,10,CALVERT,Working Class,51,local://MSR-2025_10.pdf
2025,10,CAROLINE,Working Class,31,local://MSR-2025_10.pdf
2025,10,CARROLL,Working Class,83,local://MSR-2025_10.pdf
2025,10,CECIL,Working Class,98,local://MSR-2025_10.pdf
2025,10,CHARLES,Working Class,123,local://MSR-2025_10.pdf
2025,10,DORCHESTER,Working Class,31,local://MSR-2025_10.pdf
2025,10,FREDERICK,Working Class,166,local://MSR-2025_10.pdf
2025,10,GARRETT,Working Class,14,local://MSR-2025_10.pdf
2025,10,HARFORD,Working Class,182,local://MSR-2025_10.pdf
2025,10,HOWARD,Working Class,108,local://MSR-2025_10.pdf
2025,10,KENT,Working Class,15,local://MSR-2025_10.pdf
2025,10,MONTGOMERY,Working Class,388,local://MSR-2025_10.pdf
2025,10,PR. GEORGE'S,Working Class,538,local://MSR-2025_10.pdf
2025,10,QUEEN ANNE'S,Working Class,33,local://MSR-2025_10.pdf
2025,10,ST. MARY'S,Working Class,65,local://MSR-2025_10.pdf
2025,10,SOMERSET,Working Class,21,local://MSR-2025_10.pdf
2025,10,TALBOT,Working Class,13,local://MSR-2025_10.pdf
2025,10,WASHINGTON,Working Class,121,local://MSR-2025_10.pdf
2025,10,WICOMICO,Working Class,98,local://MSR-2025_10.pdf
2025,10,WORCESTER,Working Class,26,local://MSR-2025_10.pdf
2025,10,ALLEGANY,Unaffiliated,9376,local://MSR-2025_10.pdf
2025,10,ANNE ARUNDEL,Unaffiliated,110190,local://MSR-2025_10.pdf
2025,10,BALTIMORE CITY,Unaffiliated,69975,local://MSR-2025_10.pdf
2025,10,BALTIMORE CO.,Unaffiliated,126519,local://MSR-2025_10.pdf
2025,10,CALVERT,Unaffiliated,17342,local://MSR-2025_10.pdf
2025,10,CAROLINE,Unaffiliated,5195,local://MSR-2025_10.pdf
2025,10,CARROLL,Unaffiliated,31786,local://MSR-2025_10.pdf
2025,10,CECIL,Unaffiliated,18006,local://MSR-2025_10.pdf
2025,10,CHARLES,Unaffiliated,27000,local://MSR-2025_10.pdf
2025,10,DORCHESTER,Unaffiliated,4545,local://MSR-2025_10.pdf
2025,10,FREDERICK,Unaffiliated,56936,local://MSR-2025_10.pdf
2025,10,GARRETT,Unaffiliated,3282,local://MSR-2025_10.pdf
2025,10,HARFORD,Unaffiliated,47535,local://MSR-2025_10.pdf
2025,10,HOWARD,Unaffiliated,66905,local://MSR-2025_10.pdf
2025,10,KENT,Unaffiliated,2952,local://MSR-2025_10.pdf
2025,10,MONTGOMERY,Unaffiliated,186051,local://MSR-2025_10.pdf
2025,10,PR. GEORGE'S,Unaffiliated,110750,local://MSR-2025_10.pdf
2025,10,QUEEN ANNE'S,Unaffiliated,9352,local://MSR-2025_10.pdf
2025,10,ST. MARY'S,Unaffiliated,19182,local://MSR-2025_10.pdf
2025,10,SOMERSET,Unaffiliated,2708,local://MSR-2025_10.pdf
2025,10,TALBOT,Unaffiliated,6224,local://MSR-2025_10.pdf
2025,10,WASHINGTON,Unaffiliated,25543,local://MSR-2025_10.pdf
2025,10,WICOMICO,Unaffiliated,16046,local://MSR-2025_10.pdf
2025,10,WORCESTER,Unaffiliated,9616,local://MSR-2025_10.pdf
2025,10,ALLEGANY,Other,762,local://MSR-2025_10.pdf
2025,10,ANNE ARUNDEL,Other,6806,local://MSR-2025_10.pdf
2025,10,BALTIMORE CITY,Other,6811,local://MSR-2025_10.pdf
2025,10,BALTIMORE CO.,Other,10137,local://MSR-2025_10.pdf
2025,10,CALVERT,Other,1139,local://MSR-2025_10.pdf
2025,10,CAROLINE,Other,373,local://MSR-2025_10.pdf
2025,10,CARROLL,Other,2065,local://MSR-2025_10.pdf
2025,10,CECIL,Other,1312,local://MSR-2025_10.pdf
2025,10,CHARLES,Other,1661,local://MSR-2025_10.pdf
2025,10,DORCHESTER,Other,386,local://MSR-2025_10.pdf
2025,10,FREDERICK,Other,2869,local://MSR-2025_10.pdf
2025,10,GARRETT,Other,294,local://MSR-2025_10.pdf
2025,10,HARFORD,Other,3401,local://MSR-2025_10.pdf
2025,10,HOWARD,Other,3449,local://MSR-2025_10.pdf
2025,10,KENT,Other,214,local://MSR-2025_10.pdf
2025,10,MONTGOMERY,Other,9667,local://MSR-2025_10.pdf
2025,10,PR. GEORGE'S,Other,14228,local://MSR-2025_10.pdf
2025,10,QUEEN ANNE'S,Other,605,local://MSR-2025_10.pdf
2025,10,ST. MARY'S,Other,1247,local://MSR-2025_10.pdf
2025,10,SOMERSET,Other,238,local://MSR-2025_10.pdf
2025,10,TALBOT,Other,440,local://MSR-2025_10.pdf
2025,10,WASHINGTON,Other,1658,local://MSR-2025_10.pdf
2025,10,WICOMICO,Other,1281,local://MSR-2025_10.pdf
2025,10,WORCESTER,Other,797,local://MSR-2025_10.pdf
2025,11,ALLEGANY,Democratic,10822,local://MSR-2025_11.pdf
2025,11,ANNE ARUNDEL,Democratic,173141,local://MSR-2025_11.pdf
2025,11,BALTIMORE CITY,Democratic,299795,local://MSR-2025_11.pdf
2025,11,BALTIMORE CO.,Democratic,307689,local://MSR-2025_11.pdf
2025,11,CALVERT,Democratic,23301,local://MSR-2025_11.pdf
2025,11,CAROLINE,Democratic,5936,local://MSR-2025_11.pdf
2025,11,CARROLL,Democratic,33039,local://MSR-2025_11.pdf
2025,11,CECIL,Democratic,18809,local://MSR-2025_11.pdf
2025,11,CHARLES,Democratic,77044,local://MSR-2025_11.pdf
2025,11,DORCHESTER,Democratic,9468,local://MSR-2025_11.pdf
2025,11,FREDERICK,Democratic,78567,local://MSR-2025_11.pdf
2025,11,GARRETT,Democratic,3403,local://MSR-2025_11.pdf
2025,11,HARFORD,Democratic,64578,local://MSR-2025_11.pdf
2025,11,HOWARD,Democratic,123356,local://MSR-2025_11.pdf
2025,11,KENT,Democratic,5656,local://MSR-2025_11.pdf
2025,11,MONTGOMERY,Democratic,406137,local://MSR-2025_11.pdf
2025,11,PR. GEORGE'S,Democratic,459335,local://MSR-2025_11.pdf
2025,11,QUEEN ANNE'S,Democratic,11281,local://MSR-2025_11.pdf
2025,11,ST. MARY'S,Democratic,24912,local://MSR-2025_11.pdf
2025,11,SOMERSET,Democratic,5330,local://MSR-2025_11.pdf
2025,11,TALBOT,Democratic,10416,local://MSR-2025_11.pdf
2025,11,WASHINGTON,Democratic,30586,local://MSR-2025_11.pdf
2025,11,WICOMICO,Democratic,26115,local://MSR-2025_11.pdf
2025,11,WORCESTER,Democratic,13535,local://MSR-2025_11.pdf
2025,11,ALLEGANY,Republican,23813,local://MSR-2025_11.pdf
2025,11,ANNE ARUNDEL,Republican,130354,local://MSR-2025_11.pdf
2025,11,BALTIMORE CITY,Republican,30232,local://MSR-2025_11.pdf
2025,11,BALTIMORE CO.,Republican,141111,local://MSR-2025_11.pdf
2025,11,CALVERT,Republican,28992,local://MSR-2025_11.pdf
2025,11,CAROLINE,Republican,11339,local://MSR-2025_11.pdf
2025,11,CARROLL,Republican,64596,local://MSR-2025_11.pdf
2025,11,CECIL,Republican,36062,local://MSR-2025_11.pdf
2025,11,CHARLES,Republican,23688,local://MSR-2025_11.pdf
2025,11,DORCHESTER,Republican,9738,local://MSR-2025_11.pdf
2025,11,FREDERICK,Republican,69251,local://MSR-2025_11.pdf
2025,11,GARRETT,Republican,14112,local://MSR-2025_11.pdf
2025,11,HARFORD,Republican,82853,local://MSR-2025_11.pdf
2025,11,HOWARD,Republican,48528,local://MSR-2025_11.pdf
2025,11,KENT,Republican,5603,local://MSR-2025_11.pdf
2025,11,MONTGOMERY,Republican,101463,local://MSR-2025_11.pdf
2025,11,PR. GEORGE'S,Republican,42452,local://MSR-2025_11.pdf
2025,11,QUEEN ANNE'S,Republican,20906,local://MSR-2025_11.pdf
2025,11,ST. MARY'S,Republican,33632,local://MSR-2025_11.pdf
2025,11,SOMERSET,Republican,6398,local://MSR-2025_11.pdf
2025,11,TALBOT,Republican,11740,local://MSR-2025_11.pdf
2025,11,WASHINGTON,Republican,45398,local://MSR-2025_11.pdf
2025,11,WICOMICO,Republican,24783,local://MSR-2025_11.pdf
2025,11,WORCESTER,Republican,20343,local://MSR-2025_11.pdf
2025,11,ALLEGANY,Green,60,local://MSR-2025_11.pdf
2025,11,ANNE ARUNDEL,Green,519,local://MSR-2025_11.pdf
2025,11,BALTIMORE CITY,Green,849,local://MSR-2025_11.pdf
2025,11,BALTIMORE CO.,Green,807,local://MSR-2025_11.pdf
2025,11,CALVERT,Green,69,local://MSR-2025_11.pdf
2025,11,CAROLINE,Green,33,local://MSR-2025_11.pdf
2025,11,CARROLL,Green,150,local://MSR-2025_11.pdf
2025,11,CECIL,Green,86,local://MSR-2025_11.pdf
2025,11,CHARLES,Green,140,local://MSR-2025_11.pdf
2025,11,DORCHESTER,Green,21,local://MSR-2025_11.pdf
2025,11,FREDERICK,Green,277,local://MSR-2025_11.pdf
2025,11,GARRETT,Green,21,local://MSR-2025_11.pdf
2025,11,HARFORD,Green,193,local://MSR-2025_11.pdf
2025,11,HOWARD,Green,334,local://MSR-2025_11.pdf
2025,11,KENT,Green,15,local://MSR-2025_11.pdf
2025,11,MONTGOMERY,Green,1051,local://MSR-2025_11.pdf
2025,11,PR. GEORGE'S,Green,809,local://MSR-2025_11.pdf
2025,11,QUEEN ANNE'S,Green,47,local://MSR-2025_11.pdf
2025,11,ST. MARY'S,Green,75,local://MSR-2025_11.pdf
2025,11,SOMERSET,Green,18,local://MSR-2025_11.pdf
2025,11,TALBOT,Green,21,local://MSR-2025_11.pdf
2025,11,WASHINGTON,Green,148,local://MSR-2025_11.pdf
2025,11,WICOMICO,Green,82,local://MSR-2025_11.pdf
2025,11,WORCESTER,Green,48,local://MSR-2025_11.pdf
2025,11,ALLEGANY,Working Class,72,local://MSR-2025_11.pdf
2025,11,ANNE ARUNDEL,Working Class,348,local://MSR-2025_11.pdf
2025,11,BALTIMORE CITY,Working Class,610,local://MSR-2025_11.pdf
2025,11,BALTIMORE CO.,Working Class,591,local://MSR-2025_11.pdf
2025,11,CALVERT,Working Class,51,local://MSR-2025_11.pdf
2025,11,CAROLINE,Working Class,30,local://MSR-2025_11.pdf
2025,11,CARROLL,Working Class,87,local://MSR-2025_11.pdf
2025,11,CECIL,Working Class,100,local://MSR-2025_11.pdf
2025,11,CHARLES,Working Class,125,local://MSR-2025_11.pdf
2025,11,DORCHESTER,Working Class,33,local://MSR-2025_11.pdf
2025,11,FREDERICK,Working Class,170,local://MSR-2025_11.pdf
2025,11,GARRETT,Working Class,14,local://MSR-2025_11.pdf
2025,11,HARFORD,Working Class,190,local://MSR-2025_11.pdf
2025,11,HOWARD,Working Class,106,local://MSR-2025_11.pdf
2025,11,KENT,Working Class,15,local://MSR-2025_11.pdf
2025,11,MONTGOMERY,Working Class,406,local://MSR-2025_11.pdf
2025,11,PR. GEORGE'S,Working Class,554,local://MSR-2025_11.pdf
2025,11,QUEEN ANNE'S,Working Class,33,local://MSR-2025_11.pdf
2025,11,ST. MARY'S,Working Class,69,local://MSR-2025_11.pdf
2025,11,SOMERSET,Working Class,21,local://MSR-2025_11.pdf
2025,11,TALBOT,Working Class,14,local://MSR-2025_11.pdf
2025,11,WASHINGTON,Working Class,124,local://MSR-2025_11.pdf
2025,11,WICOMICO,Working Class,101,local://MSR-2025_11.pdf
2025,11,WORCESTER,Working Class,27,local://MSR-2025_11.pdf
2025,11,ALLEGANY,Unaffiliated,9428,local://MSR-2025_11.pdf
2025,11,ANNE ARUNDEL,Unaffiliated,110607,local://MSR-2025_11.pdf
2025,11,BALTIMORE CITY,Unaffiliated,70308,local://MSR-2025_11.pdf
2025,11,BALTIMORE CO.,Unaffiliated,127064,local://MSR-2025_11.pdf
2025,11,CALVERT,Unaffiliated,17386,local://MSR-2025_11.pdf
2025,11,CAROLINE,Unaffiliated,5219,local://MSR-2025_11.pdf
2025,11,CARROLL,Unaffiliated,31904,local://MSR-2025_11.pdf
2025,11,CECIL,Unaffiliated,18045,local://MSR-2025_11.pdf
2025,11,CHARLES,Unaffiliated,27115,local://MSR-2025_11.pdf
2025,11,DORCHESTER,Unaffiliated,4566,local://MSR-2025_11.pdf
2025,11,FREDERICK,Unaffiliated,57106,local://MSR-2025_11.pdf
2025,11,GARRETT,Unaffiliated,3302,local://MSR-2025_11.pdf
2025,11,HARFORD,Unaffiliated,47699,local://MSR-2025_11.pdf
2025,11,HOWARD,Unaffiliated,67171,local://MSR-2025_11.pdf
2025,11,KENT,Unaffiliated,2950,local://MSR-2025_11.pdf
2025,11,MONTGOMERY,Unaffiliated,186702,local://MSR-2025_11.pdf
2025,11,PR. GEORGE'S,Unaffiliated,111032,local://MSR-2025_11.pdf
2025,11,QUEEN ANNE'S,Unaffiliated,9384,local://MSR-2025_11.pdf
2025,11,ST. MARY'S,Unaffiliated,19242,local://MSR-2025_11.pdf
2025,11,SOMERSET,Unaffiliated,2713,local://MSR-2025_11.pdf
2025,11,TALBOT,Unaffiliated,6245,local://MSR-2025_11.pdf
2025,11,WASHINGTON,Unaffiliated,25648,local://MSR-2025_11.pdf
2025,11,WICOMICO,Unaffiliated,16111,local://MSR-2025_11.pdf
2025,11,WORCESTER,Unaffiliated,9649,local://MSR-2025_11.pdf
2025,11,ALLEGANY,Other,764,local://MSR-2025_11.pdf
2025,11,ANNE ARUNDEL,Other,6813,local://MSR-2025_11.pdf
2025,11,BALTIMORE CITY,Other,6816,local://MSR-2025_11.pdf
2025,11,BALTIMORE CO.,Other,10132,local://MSR-2025_11.pdf
2025,11,CALVERT,Other,1140,local://MSR-2025_11.pdf
2025,11,CAROLINE,Other,366,local://MSR-2025_11.pdf
2025,11,CARROLL,Other,2052,local://MSR-2025_11.pdf
2025,11,CECIL,Other,1304,local://MSR-2025_11.pdf
2025,11,CHARLES,Other,1663,local://MSR-2025_11.pdf
2025,11,DORCHESTER,Other,394,local://MSR-2025_11.pdf
2025,11,FREDERICK,Other,2864,local://MSR-2025_11.pdf
2025,11,GARRETT,Other,294,local://MSR-2025_11.pdf
2025,11,HARFORD,Other,3408,local://MSR-2025_11.pdf
2025,11,HOWARD,Other,3455,local://MSR-2025_11.pdf
2025,11,KENT,Other,216,local://MSR-2025_11.pdf
2025,11,MONTGOMERY,Other,9658,local://MSR-2025_11.pdf
2025,11,PR. GEORGE'S,Other,14215,local://MSR-2025_11.pdf
2025,11,QUEEN ANNE'S,Other,604,local://MSR-2025_11.pdf
2025,11,ST. MARY'S,Other,1236,local://MSR-2025_11.pdf
2025,11,SOMERSET,Other,235,local://MSR-2025_11.pdf
2025,11,TALBOT,Other,436,local://MSR-2025_11.pdf
2025,11,WASHINGTON,Other,1659,local://MSR-2025_11.pdf
2025,11,WICOMICO,Other,1281,local://MSR-2025_11.pdf
2025,11,WORCESTER,Other,789,local://MSR-2025_11.pdf
2026,2,ALLEGANY,Democratic,10736,local://MSR-2026_02.pdf
2026,2,ANNE ARUNDEL,Democratic,172242,local://MSR-2026_02.pdf
2026,2,BALTIMORE CITY,Democratic,297775,local://MSR-2026_02.pdf
2026,2,BALTIMORE CO.,Democratic,305850,local://MSR-2026_02.pdf
2026,2,CALVERT,Democratic,23176,local://MSR-2026_02.pdf
2026,2,CAROLINE,Democratic,5883,local://MSR-2026_02.pdf
2026,2,CARROLL,Democratic,32818,local://MSR-2026_02.pdf
2026,2,CECIL,Democratic,18667,local://MSR-2026_02.pdf
2026,2,CHARLES,Democratic,76988,local://MSR-2026_02.pdf
2026,2,DORCHESTER,Democratic,9400,local://MSR-2026_02.pdf
2026,2,FREDERICK,Democratic,78098,local://MSR-2026_02.pdf
2026,2,GARRETT,Democratic,3381,local://MSR-2026_02.pdf
2026,2,HARFORD,Democratic,64222,local://MSR-2026_02.pdf
2026,2,HOWARD,Democratic,122682,local://MSR-2026_02.pdf
2026,2,KENT,Democratic,5573,local://MSR-2026_02.pdf
2026,2,MONTGOMERY,Democratic,403394,local://MSR-2026_02.pdf
2026,2,PR. GEORGE'S,Democratic,455855,local://MSR-2026_02.pdf
2026,2,QUEEN ANNE'S,Democratic,11216,local://MSR-2026_02.pdf
2026,2,ST. MARY'S,Democratic,24822,local://MSR-2026_02.pdf
2026,2,SOMERSET,Democratic,5316,local://MSR-2026_02.pdf
2026,2,TALBOT,Democratic,10360,local://MSR-2026_02.pdf
2026,2,WASHINGTON,Democratic,30372,local://MSR-2026_02.pdf
2026,2,WICOMICO,Democratic,25922,local://MSR-2026_02.pdf
2026,2,WORCESTER,Democratic,13400,local://MSR-2026_02.pdf
2026,2,ALLEGANY,Republican,23695,local://MSR-2026_02.pdf
2026,2,ANNE ARUNDEL,Republican,129313,local://MSR-2026_02.pdf
2026,2,BALTIMORE CITY,Republican,29905,local://MSR-2026_02.pdf
2026,2,BALTIMORE CO.,Republican,140182,local://MSR-2026_02.pdf
2026,2,CALVERT,Republican,28803,local://MSR-2026_02.pdf
2026,2,CAROLINE,Republican,11333,local://MSR-2026_02.pdf
2026,2,CARROLL,Republican,64127,local://MSR-2026_02.pdf
2026,2,CECIL,Republican,35937,local://MSR-2026_02.pdf
2026,2,CHARLES,Republican,23475,local://MSR-2026_02.pdf
2026,2,DORCHESTER,Republican,9742,local://MSR-2026_02.pdf
2026,2,FREDERICK,Republican,68567,local://MSR-2026_02.pdf
2026,2,GARRETT,Republican,14067,local://MSR-2026_02.pdf
2026,2,HARFORD,Republican,82391,local://MSR-2026_02.pdf
2026,2,HOWARD,Republican,47899,local://MSR-2026_02.pdf
2026,2,KENT,Republican,5579,local://MSR-2026_02.pdf
2026,2,MONTGOMERY,Republican,100251,local://MSR-2026_02.pdf
2026,2,PR. GEORGE'S,Republican,41833,local://MSR-2026_02.pdf
2026,2,QUEEN ANNE'S,Republican,20867,local://MSR-2026_02.pdf
2026,2,ST. MARY'S,Republican,33401,local://MSR-2026_02.pdf
2026,2,SOMERSET,Republican,6359,local://MSR-2026_02.pdf
2026,2,TALBOT,Republican,11728,local://MSR-2026_02.pdf
2026,2,WASHINGTON,Republican,45057,local://MSR-2026_02.pdf
2026,2,WICOMICO,Republican,24685,local://MSR-2026_02.pdf
2026,2,WORCESTER,Republican,20231,local://MSR-2026_02.pdf
2026,2,ALLEGANY,Green,64,local://MSR-2026_02.pdf
2026,2,ANNE ARUNDEL,Green,532,local://MSR-2026_02.pdf
2026,2,BALTIMORE CITY,Green,847,local://MSR-2026_02.pdf
2026,2,BALTIMORE CO.,Green,825,local://MSR-2026_02.pdf
2026,2,CALVERT,Green,67,local://MSR-2026_02.pdf
2026,2,CAROLINE,Green,34,local://MSR-2026_02.pdf
2026,2,CARROLL,Green,157,local://MSR-2026_02.pdf
2026,2,CECIL,Green,84,local://MSR-2026_02.pdf
2026,2,CHARLES,Green,140,local://MSR-2026_02.pdf
2026,2,DORCHESTER,Green,21,local://MSR-2026_02.pdf
2026,2,FREDERICK,Green,279,local://MSR-2026_02.pdf
2026,2,GARRETT,Green,23,local://MSR-2026_02.pdf
2026,2,HARFORD,Green,207,local://MSR-2026_02.pdf
2026,2,HOWARD,Green,331,local://MSR-2026_02.pdf
2026,2,KENT,Green,16,local://MSR-2026_02.pdf
2026,2,MONTGOMERY,Green,1075,local://MSR-2026_02.pdf
2026,2,PR. GEORGE'S,Green,829,local://MSR-2026_02.pdf
2026,2,QUEEN ANNE'S,Green,45,local://MSR-2026_02.pdf
2026,2,ST. MARY'S,Green,77,local://MSR-2026_02.pdf
2026,2,SOMERSET,Green,21,local://MSR-2026_02.pdf
2026,2,TALBOT,Green,23,local://MSR-2026_02.pdf
2026,2,WASHINGTON,Green,151,local://MSR-2026_02.pdf
2026,2,WICOMICO,Green,83,local://MSR-2026_02.pdf
2026,2,WORCESTER,Green,48,local://MSR-2026_02.pdf
2026,2,ALLEGANY,Working Class,82,local://MSR-2026_02.pdf
2026,2,ANNE ARUNDEL,Working Class,378,local://MSR-2026_02.pdf
2026,2,BALTIMORE CITY,Working Class,685,local://MSR-2026_02.pdf
2026,2,BALTIMORE CO.,Working Class,644,local://MSR-2026_02.pdf
2026,2,CALVERT,Working Class,57,local://MSR-2026_02.pdf
2026,2,CAROLINE,Working Class,32,local://MSR-2026_02.pdf
2026,2,CARROLL,Working Class,108,local://MSR-2026_02.pdf
2026,2,CECIL,Working Class,115,local://MSR-2026_02.pdf
2026,2,CHARLES,Working Class,138,local://MSR-2026_02.pdf
2026,2,DORCHESTER,Working Class,33,local://MSR-2026_02.pdf
2026,2,FREDERICK,Working Class,188,local://MSR-2026_02.pdf
2026,2,GARRETT,Working Class,17,local://MSR-2026_02.pdf
2026,2,HARFORD,Working Class,209,local://MSR-2026_02.pdf
2026,2,HOWARD,Working Class,121,local://MSR-2026_02.pdf
2026,2,KENT,Working Class,14,local://MSR-2026_02.pdf
2026,2,MONTGOMERY,Working Class,455,local://MSR-2026_02.pdf
2026,2,PR. GEORGE'S,Working Class,625,local://MSR-2026_02.pdf
2026,2,QUEEN ANNE'S,Working Class,41,local://MSR-2026_02.pdf
2026,2,ST. MARY'S,Working Class,75,local://MSR-2026_02.pdf
2026,2,SOMERSET,Working Class,21,local://MSR-2026_02.pdf
2026,2,TALBOT,Working Class,16,local://MSR-2026_02.pdf
2026,2,WASHINGTON,Working Class,135,local://MSR-2026_02.pdf
2026,2,WICOMICO,Working Class,109,local://MSR-2026_02.pdf
2026,2,WORCESTER,Working Class,31,local://MSR-2026_02.pdf
2026,2,ALLEGANY,Unaffiliated,9506,local://MSR-2026_02.pdf
2026,2,ANNE ARUNDEL,Unaffiliated,111025,local://MSR-2026_02.pdf
2026,2,BALTIMORE CITY,Unaffiliated,70932,local://MSR-2026_02.pdf
2026,2,BALTIMORE CO.,Unaffiliated,127809,local://MSR-2026_02.pdf
2026,2,CALVERT,Unaffiliated,17448,local://MSR-2026_02.pdf
2026,2,CAROLINE,Unaffiliated,5236,local://MSR-2026_02.pdf
2026,2,CARROLL,Unaffiliated,31994,local://MSR-2026_02.pdf
2026,2,CECIL,Unaffiliated,18043,local://MSR-2026_02.pdf
2026,2,CHARLES,Unaffiliated,27367,local://MSR-2026_02.pdf
2026,2,DORCHESTER,Unaffiliated,4621,local://MSR-2026_02.pdf
2026,2,FREDERICK,Unaffiliated,57142,local://MSR-2026_02.pdf
2026,2,GARRETT,Unaffiliated,3313,local://MSR-2026_02.pdf
2026,2,HARFORD,Unaffiliated,47895,local://MSR-2026_02.pdf
2026,2,HOWARD,Unaffiliated,67582,local://MSR-2026_02.pdf
2026,2,KENT,Unaffiliated,2983,local://MSR-2026_02.pdf
2026,2,MONTGOMERY,Unaffiliated,187831,local://MSR-2026_02.pdf
2026,2,PR. GEORGE'S,Unaffiliated,112636,local://MSR-2026_02.pdf
2026,2,QUEEN ANNE'S,Unaffiliated,9415,local://MSR-2026_02.pdf
2026,2,ST. MARY'S,Unaffiliated,19281,local://MSR-2026_02.pdf
2026,2,SOMERSET,Unaffiliated,2750,local://MSR-2026_02.pdf
2026,2,TALBOT,Unaffiliated,6287,local://MSR-2026_02.pdf
2026,2,WASHINGTON,Unaffiliated,25875,local://MSR-2026_02.pdf
2026,2,WICOMICO,Unaffiliated,16171,local://MSR-2026_02.pdf
2026,2,WORCESTER,Unaffiliated,9652,local://MSR-2026_02.pdf
2026,2,ALLEGANY,Other,751,local://MSR-2026_02.pdf
2026,2,ANNE ARUNDEL,Other,6730,local://MSR-2026_02.pdf
2026,2,BALTIMORE CITY,Other,6828,local://MSR-2026_02.pdf
2026,2,BALTIMORE CO.,Other,9993,local://MSR-2026_02.pdf
2026,2,CALVERT,Other,1122,local://MSR-2026_02.pdf
2026,2,CAROLINE,Other,366,local://MSR-2026_02.pdf
2026,2,CARROLL,Other,2008,local://MSR-2026_02.pdf
2026,2,CECIL,Other,1275,local://MSR-2026_02.pdf
2026,2,CHARLES,Other,1652,local://MSR-2026_02.pdf
2026,2,DORCHESTER,Other,391,local://MSR-2026_02.pdf
2026,2,FREDERICK,Other,2790,local://MSR-2026_02.pdf
2026,2,GARRETT,Other,290,local://MSR-2026_02.pdf
2026,2,HARFORD,Other,3366,local://MSR-2026_02.pdf
2026,2,HOWARD,Other,3426,local://MSR-2026_02.pdf
2026,2,KENT,Other,216,local://MSR-2026_02.pdf
2026,2,MONTGOMERY,Other,9548,local://MSR-2026_02.pdf
2026,2,PR. GEORGE'S,Other,14065,local://MSR-2026_02.pdf
2026,2,QUEEN ANNE'S,Other,601,local://MSR-2026_02.pdf
2026,2,ST. MARY'S,Other,1208,local://MSR-2026_02.pdf
2026,2,SOMERSET,Other,233,local://MSR-2026_02.pdf
2026,2,TALBOT,Other,430,local://MSR-2026_02.pdf
2026,2,WASHINGTON,Other,1643,local://MSR-2026_02.pdf
2026,2,WICOMICO,Other,1267,local://MSR-2026_02.pdf
2026,2,WORCESTER,Other,778,local://MSR-2026_02.pdf
2026,3,ALLEGANY,Democratic,10758,local://MSR-2026_03.pdf
2026,3,ANNE ARUNDEL,Democratic,172636,local://MSR-2026_03.pdf
2026,3,BALTIMORE CITY,Democratic,297761,local://MSR-2026_03.pdf
2026,3,BALTIMORE CO.,Democratic,305004,local://MSR-2026_03.pdf
2026,3,CALVERT,Democratic,23164,local://MSR-2026_03.pdf
2026,3,CAROLINE,Democratic,5872,local://MSR-2026_03.pdf
2026,3,CARROLL,Democratic,32816,local://MSR-2026_03.pdf
2026,3,CECIL,Democratic,18675,local://MSR-2026_03.pdf
2026,3,CHARLES,Democratic,77202,local://MSR-2026_03.pdf
2026,3,DORCHESTER,Democratic,9385,local://MSR-2026_03.pdf
2026,3,FREDERICK,Democratic,78383,local://MSR-2026_03.pdf
2026,3,GARRETT,Democratic,3369,local://MSR-2026_03.pdf
2026,3,HARFORD,Democratic,64343,local://MSR-2026_03.pdf
2026,3,HOWARD,Democratic,122907,local://MSR-2026_03.pdf
2026,3,KENT,Democratic,5578,local://MSR-2026_03.pdf
2026,3,MONTGOMERY,Democratic,403912,local://MSR-2026_03.pdf
2026,3,PR. GEORGE'S,Democratic,455231,local://MSR-2026_03.pdf
2026,3,QUEEN ANNE'S,Democratic,11213,local://MSR-2026_03.pdf
2026,3,ST. MARY'S,Democratic,24813,local://MSR-2026_03.pdf
2026,3,SOMERSET,Democratic,5329,local://MSR-2026_03.pdf
2026,3,TALBOT,Democratic,10389,local://MSR-2026_03.pdf
2026,3,WASHINGTON,Democratic,30392,local://MSR-2026_03.pdf
2026,3,WICOMICO,Democratic,25855,local://MSR-2026_03.pdf
2026,3,WORCESTER,Democratic,13384,local://MSR-2026_03.pdf
2026,3,ALLEGANY,Republican,23715,local://MSR-2026_03.pdf
2026,3,ANNE ARUNDEL,Republican,129318,local://MSR-2026_03.pdf
2026,3,BALTIMORE CITY,Republican,29937,local://MSR-2026_03.pdf
2026,3,BALTIMORE CO.,Republican,139755,local://MSR-2026_03.pdf
2026,3,CALVERT,Republican,28777,local://MSR-2026_03.pdf
2026,3,CAROLINE,Republican,11356,local://MSR-2026_03.pdf
2026,3,CARROLL,Republican,64126,local://MSR-2026_03.pdf
2026,3,CECIL,Republican,36005,local://MSR-2026_03.pdf
2026,3,CHARLES,Republican,23469,local://MSR-2026_03.pdf
2026,3,DORCHESTER,Republican,9801,local://MSR-2026_03.pdf
2026,3,FREDERICK,Republican,68616,local://MSR-2026_03.pdf
2026,3,GARRETT,Republican,14086,local://MSR-2026_03.pdf
2026,3,HARFORD,Republican,82479,local://MSR-2026_03.pdf
2026,3,HOWARD,Republican,47777,local://MSR-2026_03.pdf
2026,3,KENT,Republican,5581,local://MSR-2026_03.pdf
2026,3,MONTGOMERY,Republican,100040,local://MSR-2026_03.pdf
2026,3,PR. GEORGE'S,Republican,41692,local://MSR-2026_03.pdf
2026,3,QUEEN ANNE'S,Republican,20864,local://MSR-2026_03.pdf
2026,3,ST. MARY'S,Republican,33449,local://MSR-2026_03.pdf
2026,3,SOMERSET,Republican,6362,local://MSR-2026_03.pdf
2026,3,TALBOT,Republican,11731,local://MSR-2026_03.pdf
2026,3,WASHINGTON,Republican,45086,local://MSR-2026_03.pdf
2026,3,WICOMICO,Republican,24610,local://MSR-2026_03.pdf
2026,3,WORCESTER,Republican,20275,local://MSR-2026_03.pdf
2026,3,ALLEGANY,Green,66,local://MSR-2026_03.pdf
2026,3,ANNE ARUNDEL,Green,535,local://MSR-2026_03.pdf
2026,3,BALTIMORE CITY,Green,856,local://MSR-2026_03.pdf
2026,3,BALTIMORE CO.,Green,829,local://MSR-2026_03.pdf
2026,3,CALVERT,Green,67,local://MSR-2026_03.pdf
2026,3,CAROLINE,Green,33,local://MSR-2026_03.pdf
2026,3,CARROLL,Green,155,local://MSR-2026_03.pdf
2026,3,CECIL,Green,85,local://MSR-2026_03.pdf
2026,3,CHARLES,Green,146,local://MSR-2026_03.pdf
2026,3,DORCHESTER,Green,21,local://MSR-2026_03.pdf
2026,3,FREDERICK,Green,281,local://MSR-2026_03.pdf
2026,3,GARRETT,Green,23,local://MSR-2026_03.pdf
2026,3,HARFORD,Green,208,local://MSR-2026_03.pdf
2026,3,HOWARD,Green,342,local://MSR-2026_03.pdf
2026,3,KENT,Green,17,local://MSR-2026_03.pdf
2026,3,MONTGOMERY,Green,1096,local://MSR-2026_03.pdf
2026,3,PR. GEORGE'S,Green,846,local://MSR-2026_03.pdf
2026,3,QUEEN ANNE'S,Green,46,local://MSR-2026_03.pdf
2026,3,ST. MARY'S,Green,77,local://MSR-2026_03.pdf
2026,3,SOMERSET,Green,24,local://MSR-2026_03.pdf
2026,3,TALBOT,Green,23,local://MSR-2026_03.pdf
2026,3,WASHINGTON,Green,150,local://MSR-2026_03.pdf
2026,3,WICOMICO,Green,84,local://MSR-2026_03.pdf
2026,3,WORCESTER,Green,47,local://MSR-2026_03.pdf
2026,3,ALLEGANY,Working Class,88,local://MSR-2026_03.pdf
2026,3,ANNE ARUNDEL,Working Class,404,local://MSR-2026_03.pdf
2026,3,BALTIMORE CITY,Working Class,720,local://MSR-2026_03.pdf
2026,3,BALTIMORE CO.,Working Class,670,local://MSR-2026_03.pdf
2026,3,CALVERT,Working Class,63,local://MSR-2026_03.pdf
2026,3,CAROLINE,Working Class,34,local://MSR-2026_03.pdf
2026,3,CARROLL,Working Class,115,local://MSR-2026_03.pdf
2026,3,CECIL,Working Class,124,local://MSR-2026_03.pdf
2026,3,CHARLES,Working Class,145,local://MSR-2026_03.pdf
2026,3,DORCHESTER,Working Class,34,local://MSR-2026_03.pdf
2026,3,FREDERICK,Working Class,195,local://MSR-2026_03.pdf
2026,3,GARRETT,Working Class,18,local://MSR-2026_03.pdf
2026,3,HARFORD,Working Class,214,local://MSR-2026_03.pdf
2026,3,HOWARD,Working Class,129,local://MSR-2026_03.pdf
2026,3,KENT,Working Class,14,local://MSR-2026_03.pdf
2026,3,MONTGOMERY,Working Class,474,local://MSR-2026_03.pdf
2026,3,PR. GEORGE'S,Working Class,649,local://MSR-2026_03.pdf
2026,3,QUEEN ANNE'S,Working Class,40,local://MSR-2026_03.pdf
2026,3,ST. MARY'S,Working Class,79,local://MSR-2026_03.pdf
2026,3,SOMERSET,Working Class,22,local://MSR-2026_03.pdf
2026,3,TALBOT,Working Class,17,local://MSR-2026_03.pdf
2026,3,WASHINGTON,Working Class,147,local://MSR-2026_03.pdf
2026,3,WICOMICO,Working Class,110,local://MSR-2026_03.pdf
2026,3,WORCESTER,Working Class,33,local://MSR-2026_03.pdf
2026,3,ALLEGANY,Unaffiliated,9592,local://MSR-2026_03.pdf
2026,3,ANNE ARUNDEL,Unaffiliated,111665,local://MSR-2026_03.pdf
2026,3,BALTIMORE CITY,Unaffiliated,71503,local://MSR-2026_03.pdf
2026,3,BALTIMORE CO.,Unaffiliated,128005,local://MSR-2026_03.pdf
2026,3,CALVERT,Unaffiliated,17505,local://MSR-2026_03.pdf
2026,3,CAROLINE,Unaffiliated,5259,local://MSR-2026_03.pdf
2026,3,CARROLL,Unaffiliated,32138,local://MSR-2026_03.pdf
2026,3,CECIL,Unaffiliated,18154,local://MSR-2026_03.pdf
2026,3,CHARLES,Unaffiliated,27612,local://MSR-2026_03.pdf
2026,3,DORCHESTER,Unaffiliated,4651,local://MSR-2026_03.pdf
2026,3,FREDERICK,Unaffiliated,57492,local://MSR-2026_03.pdf
2026,3,GARRETT,Unaffiliated,3340,local://MSR-2026_03.pdf
2026,3,HARFORD,Unaffiliated,48158,local://MSR-2026_03.pdf
2026,3,HOWARD,Unaffiliated,67884,local://MSR-2026_03.pdf
2026,3,KENT,Unaffiliated,3007,local://MSR-2026_03.pdf
2026,3,MONTGOMERY,Unaffiliated,188746,local://MSR-2026_03.pdf
2026,3,PR. GEORGE'S,Unaffiliated,113517,local://MSR-2026_03.pdf
2026,3,QUEEN ANNE'S,Unaffiliated,9467,local://MSR-2026_03.pdf
2026,3,ST. MARY'S,Unaffiliated,19395,local://MSR-2026_03.pdf
2026,3,SOMERSET,Unaffiliated,2787,local://MSR-2026_03.pdf
2026,3,TALBOT,Unaffiliated,6326,local://MSR-2026_03.pdf
2026,3,WASHINGTON,Unaffiliated,26031,local://MSR-2026_03.pdf
2026,3,WICOMICO,Unaffiliated,16211,local://MSR-2026_03.pdf
2026,3,WORCESTER,Unaffiliated,9708,local://MSR-2026_03.pdf
2026,3,ALLEGANY,Other,742,local://MSR-2026_03.pdf
2026,3,ANNE ARUNDEL,Other,6703,local://MSR-2026_03.pdf
2026,3,BALTIMORE CITY,Other,6832,local://MSR-2026_03.pdf
2026,3,BALTIMORE CO.,Other,9941,local://MSR-2026_03.pdf
2026,3,CALVERT,Other,1118,local://MSR-2026_03.pdf
2026,3,CAROLINE,Other,366,local://MSR-2026_03.pdf
2026,3,CARROLL,Other,2005,local://MSR-2026_03.pdf
2026,3,CECIL,Other,1276,local://MSR-2026_03.pdf
2026,3,CHARLES,Other,1648,local://MSR-2026_03.pdf
2026,3,DORCHESTER,Other,390,local://MSR-2026_03.pdf
2026,3,FREDERICK,Other,2793,local://MSR-2026_03.pdf
2026,3,GARRETT,Other,288,local://MSR-2026_03.pdf
2026,3,HARFORD,Other,3358,local://MSR-2026_03.pdf
2026,3,HOWARD,Other,3420,local://MSR-2026_03.pdf
2026,3,KENT,Other,215,local://MSR-2026_03.pdf
2026,3,MONTGOMERY,Other,9529,local://MSR-2026_03.pdf
2026,3,PR. GEORGE'S,Other,14011,local://MSR-2026_03.pdf
2026,3,QUEEN ANNE'S,Other,594,local://MSR-2026_03.pdf
2026,3,ST. MARY'S,Other,1205,local://MSR-2026_03.pdf
2026,3,SOMERSET,Other,231,local://MSR-2026_03.pdf
2026,3,TALBOT,Other,425,local://MSR-2026_03.pdf
2026,3,WASHINGTON,Other,1643,local://MSR-2026_03.pdf
2026,3,WICOMICO,Other,1271,local://MSR-2026_03.pdf
2026,3,WORCESTER,Other,771,local://MSR-2026_03.pdf
2026,4,ALLEGANY,Democratic,10753,local://MSR-2026_04.pdf
2026,4,ANNE ARUNDEL,Democratic,172969,local://MSR-2026_04.pdf
2026,4,BALTIMORE CITY,Democratic,297700,local://MSR-2026_04.pdf
2026,4,BALTIMORE CO.,Democratic,305329,local://MSR-2026_04.pdf
2026,4,CALVERT,Democratic,23166,local://MSR-2026_04.pdf
2026,4,CAROLINE,Democratic,5888,local://MSR-2026_04.pdf
2026,4,CARROLL,Democratic,32873,local://MSR-2026_04.pdf
2026,4,CECIL,Democratic,18701,local://MSR-2026_04.pdf
2026,4,CHARLES,Democratic,77408,local://MSR-2026_04.pdf
2026,4,DORCHESTER,Democratic,9398,local://MSR-2026_04.pdf
2026,4,FREDERICK,Democratic,78660,local://MSR-2026_04.pdf
2026,4,GARRETT,Democratic,3360,local://MSR-2026_04.pdf
2026,4,HARFORD,Democratic,64446,local://MSR-2026_04.pdf
2026,4,HOWARD,Democratic,123063,local://MSR-2026_04.pdf
2026,4,KENT,Democratic,5575,local://MSR-2026_04.pdf
2026,4,MONTGOMERY,Democratic,405026,local://MSR-2026_04.pdf
2026,4,PR. GEORGE'S,Democratic,455571,local://MSR-2026_04.pdf
2026,4,QUEEN ANNE'S,Democratic,11202,local://MSR-2026_04.pdf
2026,4,ST. MARY'S,Democratic,24881,local://MSR-2026_04.pdf
2026,4,SOMERSET,Democratic,5304,local://MSR-2026_04.pdf
2026,4,TALBOT,Democratic,10394,local://MSR-2026_04.pdf
2026,4,WASHINGTON,Democratic,30429,local://MSR-2026_04.pdf
2026,4,WICOMICO,Democratic,25619,local://MSR-2026_04.pdf
2026,4,WORCESTER,Democratic,13373,local://MSR-2026_04.pdf
2026,4,ALLEGANY,Republican,23719,local://MSR-2026_04.pdf
2026,4,ANNE ARUNDEL,Republican,129264,local://MSR-2026_04.pdf
2026,4,BALTIMORE CITY,Republican,29989,local://MSR-2026_04.pdf
2026,4,BALTIMORE CO.,Republican,139790,local://MSR-2026_04.pdf
2026,4,CALVERT,Republican,28826,local://MSR-2026_04.pdf
2026,4,CAROLINE,Republican,11386,local://MSR-2026_04.pdf
2026,4,CARROLL,Republican,64184,local://MSR-2026_04.pdf
2026,4,CECIL,Republican,35978,local://MSR-2026_04.pdf
2026,4,CHARLES,Republican,23442,local://MSR-2026_04.pdf
2026,4,DORCHESTER,Republican,9805,local://MSR-2026_04.pdf
2026,4,FREDERICK,Republican,68632,local://MSR-2026_04.pdf
2026,4,GARRETT,Republican,14092,local://MSR-2026_04.pdf
2026,4,HARFORD,Republican,82614,local://MSR-2026_04.pdf
2026,4,HOWARD,Republican,47593,local://MSR-2026_04.pdf
2026,4,KENT,Republican,5579,local://MSR-2026_04.pdf
2026,4,MONTGOMERY,Republican,99964,local://MSR-2026_04.pdf
2026,4,PR. GEORGE'S,Republican,41670,local://MSR-2026_04.pdf
2026,4,QUEEN ANNE'S,Republican,20872,local://MSR-2026_04.pdf
2026,4,ST. MARY'S,Republican,33459,local://MSR-2026_04.pdf
2026,4,SOMERSET,Republican,6376,local://MSR-2026_04.pdf
2026,4,TALBOT,Republican,11723,local://MSR-2026_04.pdf
2026,4,WASHINGTON,Republican,45111,local://MSR-2026_04.pdf
2026,4,WICOMICO,Republican,24489,local://MSR-2026_04.pdf
2026,4,WORCESTER,Republican,20364,local://MSR-2026_04.pdf
2026,4,ALLEGANY,Green,67,local://MSR-2026_04.pdf
2026,4,ANNE ARUNDEL,Green,537,local://MSR-2026_04.pdf
2026,4,BALTIMORE CITY,Green,855,local://MSR-2026_04.pdf
2026,4,BALTIMORE CO.,Green,837,local://MSR-2026_04.pdf
2026,4,CALVERT,Green,67,local://MSR-2026_04.pdf
2026,4,CAROLINE,Green,32,local://MSR-2026_04.pdf
2026,4,CARROLL,Green,155,local://MSR-2026_04.pdf
2026,4,CECIL,Green,86,local://MSR-2026_04.pdf
2026,4,CHARLES,Green,148,local://MSR-2026_04.pdf
2026,4,DORCHESTER,Green,22,local://MSR-2026_04.pdf
2026,4,FREDERICK,Green,290,local://MSR-2026_04.pdf
2026,4,GARRETT,Green,23,local://MSR-2026_04.pdf
2026,4,HARFORD,Green,214,local://MSR-2026_04.pdf
2026,4,HOWARD,Green,351,local://MSR-2026_04.pdf
2026,4,KENT,Green,17,local://MSR-2026_04.pdf
2026,4,MONTGOMERY,Green,1095,local://MSR-2026_04.pdf
2026,4,PR. GEORGE'S,Green,869,local://MSR-2026_04.pdf
2026,4,QUEEN ANNE'S,Green,46,local://MSR-2026_04.pdf
2026,4,ST. MARY'S,Green,78,local://MSR-2026_04.pdf
2026,4,SOMERSET,Green,25,local://MSR-2026_04.pdf
2026,4,TALBOT,Green,23,local://MSR-2026_04.pdf
2026,4,WASHINGTON,Green,152,local://MSR-2026_04.pdf
2026,4,WICOMICO,Green,89,local://MSR-2026_04.pdf
2026,4,WORCESTER,Green,48,local://MSR-2026_04.pdf
2026,4,ALLEGANY,Working Class,92,local://MSR-2026_04.pdf
2026,4,ANNE ARUNDEL,Working Class,413,local://MSR-2026_04.pdf
2026,4,BALTIMORE CITY,Working Class,744,local://MSR-2026_04.pdf
2026,4,BALTIMORE CO.,Working Class,697,local://MSR-2026_04.pdf
2026,4,CALVERT,Working Class,61,local://MSR-2026_04.pdf
2026,4,CAROLINE,Working Class,36,local://MSR-2026_04.pdf
2026,4,CARROLL,Working Class,116,local://MSR-2026_04.pdf
2026,4,CECIL,Working Class,129,local://MSR-2026_04.pdf
2026,4,CHARLES,Working Class,148,local://MSR-2026_04.pdf
2026,4,DORCHESTER,Working Class,37,local://MSR-2026_04.pdf
2026,4,FREDERICK,Working Class,199,local://MSR-2026_04.pdf
2026,4,GARRETT,Working Class,19,local://MSR-2026_04.pdf
2026,4,HARFORD,Working Class,222,local://MSR-2026_04.pdf
2026,4,HOWARD,Working Class,133,local://MSR-2026_04.pdf
2026,4,KENT,Working Class,15,local://MSR-2026_04.pdf
2026,4,MONTGOMERY,Working Class,494,local://MSR-2026_04.pdf
2026,4,PR. GEORGE'S,Working Class,668,local://MSR-2026_04.pdf
2026,4,QUEEN ANNE'S,Working Class,41,local://MSR-2026_04.pdf
2026,4,ST. MARY'S,Working Class,83,local://MSR-2026_04.pdf
2026,4,SOMERSET,Working Class,24,local://MSR-2026_04.pdf
2026,4,TALBOT,Working Class,19,local://MSR-2026_04.pdf
2026,4,WASHINGTON,Working Class,152,local://MSR-2026_04.pdf
2026,4,WICOMICO,Working Class,115,local://MSR-2026_04.pdf
2026,4,WORCESTER,Working Class,34,local://MSR-2026_04.pdf
2026,4,ALLEGANY,Unaffiliated,9666,local://MSR-2026_04.pdf
2026,4,ANNE ARUNDEL,Unaffiliated,112219,local://MSR-2026_04.pdf
2026,4,BALTIMORE CITY,Unaffiliated,72014,local://MSR-2026_04.pdf
2026,4,BALTIMORE CO.,Unaffiliated,128734,local://MSR-2026_04.pdf
2026,4,CALVERT,Unaffiliated,17555,local://MSR-2026_04.pdf
2026,4,CAROLINE,Unaffiliated,5303,local://MSR-2026_04.pdf
2026,4,CARROLL,Unaffiliated,32223,local://MSR-2026_04.pdf
2026,4,CECIL,Unaffiliated,18212,local://MSR-2026_04.pdf
2026,4,CHARLES,Unaffiliated,27828,local://MSR-2026_04.pdf
2026,4,DORCHESTER,Unaffiliated,4683,local://MSR-2026_04.pdf
2026,4,FREDERICK,Unaffiliated,57760,local://MSR-2026_04.pdf
2026,4,GARRETT,Unaffiliated,3361,local://MSR-2026_04.pdf
2026,4,HARFORD,Unaffiliated,48342,local://MSR-2026_04.pdf
2026,4,HOWARD,Unaffiliated,68077,local://MSR-2026_04.pdf
2026,4,KENT,Unaffiliated,3002,local://MSR-2026_04.pdf
2026,4,MONTGOMERY,Unaffiliated,189837,local://MSR-2026_04.pdf
2026,4,PR. GEORGE'S,Unaffiliated,114413,local://MSR-2026_04.pdf
2026,4,QUEEN ANNE'S,Unaffiliated,9505,local://MSR-2026_04.pdf
2026,4,ST. MARY'S,Unaffiliated,19478,local://MSR-2026_04.pdf
2026,4,SOMERSET,Unaffiliated,2804,local://MSR-2026_04.pdf
2026,4,TALBOT,Unaffiliated,6358,local://MSR-2026_04.pdf
2026,4,WASHINGTON,Unaffiliated,26210,local://MSR-2026_04.pdf
2026,4,WICOMICO,Unaffiliated,16155,local://MSR-2026_04.pdf
2026,4,WORCESTER,Unaffiliated,9743,local://MSR-2026_04.pdf
2026,4,ALLEGANY,Other,741,local://MSR-2026_04.pdf
2026,4,ANNE ARUNDEL,Other,6679,local://MSR-2026_04.pdf
2026,4,BALTIMORE CITY,Other,6841,local://MSR-2026_04.pdf
2026,4,BALTIMORE CO.,Other,9933,local://MSR-2026_04.pdf
2026,4,CALVERT,Other,1117,local://MSR-2026_04.pdf
2026,4,CAROLINE,Other,363,local://MSR-2026_04.pdf
2026,4,CARROLL,Other,1986,local://MSR-2026_04.pdf
2026,4,CECIL,Other,1270,local://MSR-2026_04.pdf
2026,4,CHARLES,Other,1653,local://MSR-2026_04.pdf
2026,4,DORCHESTER,Other,395,local://MSR-2026_04.pdf
2026,4,FREDERICK,Other,2795,local://MSR-2026_04.pdf
2026,4,GARRETT,Other,289,local://MSR-2026_04.pdf
2026,4,HARFORD,Other,3362,local://MSR-2026_04.pdf
2026,4,HOWARD,Other,3406,local://MSR-2026_04.pdf
2026,4,KENT,Other,212,local://MSR-2026_04.pdf
2026,4,MONTGOMERY,Other,9547,local://MSR-2026_04.pdf
2026,4,PR. GEORGE'S,Other,14004,local://MSR-2026_04.pdf
2026,4,QUEEN ANNE'S,Other,596,local://MSR-2026_04.pdf
2026,4,ST. MARY'S,Other,1200,local://MSR-2026_04.pdf
2026,4,SOMERSET,Other,230,local://MSR-2026_04.pdf
2026,4,TALBOT,Other,423,local://MSR-2026_04.pdf
2026,4,WASHINGTON,Other,1632,local://MSR-2026_04.pdf
2026,4,WICOMICO,Other,1244,local://MSR-2026_04.pdf
2026,4,WORCESTER,Other,765,local://MSR-2026_04.pdf
2025,12,ALLEGANY,Democratic,10774,local://MSR-2025_12.pdf
2025,12,ANNE ARUNDEL,Democratic,172333,local://MSR-2025_12.pdf
2025,12,BALTIMORE CITY,Democratic,298318,local://MSR-2025_12.pdf
2025,12,BALTIMORE CO.,Democratic,306458,local://MSR-2025_12.pdf
2025,12,CALVERT,Democratic,23200,local://MSR-2025_12.pdf
2025,12,CAROLINE,Democratic,5906,local://MSR-2025_12.pdf
2025,12,CARROLL,Democratic,32916,local://MSR-2025_12.pdf
2025,12,CECIL,Democratic,18673,local://MSR-2025_12.pdf
2025,12,CHARLES,Democratic,76892,local://MSR-2025_12.pdf
2025,12,DORCHESTER,Democratic,9427,local://MSR-2025_12.pdf
2025,12,FREDERICK,Democratic,78043,local://MSR-2025_12.pdf
2025,12,GARRETT,Democratic,3395,local://MSR-2025_12.pdf
2025,12,HARFORD,Democratic,64292,local://MSR-2025_12.pdf
2025,12,HOWARD,Democratic,122727,local://MSR-2025_12.pdf
2025,12,KENT,Democratic,5609,local://MSR-2025_12.pdf
2025,12,MONTGOMERY,Democratic,403847,local://MSR-2025_12.pdf
2025,12,PR. GEORGE'S,Democratic,456385,local://MSR-2025_12.pdf
2025,12,QUEEN ANNE'S,Democratic,11249,local://MSR-2025_12.pdf
2025,12,ST. MARY'S,Democratic,24836,local://MSR-2025_12.pdf
2025,12,SOMERSET,Democratic,5327,local://MSR-2025_12.pdf
2025,12,TALBOT,Democratic,10368,local://MSR-2025_12.pdf
2025,12,WASHINGTON,Democratic,30410,local://MSR-2025_12.pdf
2025,12,WICOMICO,Democratic,25923,local://MSR-2025_12.pdf
2025,12,WORCESTER,Democratic,13463,local://MSR-2025_12.pdf
2025,12,ALLEGANY,Republican,23745,local://MSR-2025_12.pdf
2025,12,ANNE ARUNDEL,Republican,129616,local://MSR-2025_12.pdf
2025,12,BALTIMORE CITY,Republican,29957,local://MSR-2025_12.pdf
2025,12,BALTIMORE CO.,Republican,140512,local://MSR-2025_12.pdf
2025,12,CALVERT,Republican,28890,local://MSR-2025_12.pdf
2025,12,CAROLINE,Republican,11317,local://MSR-2025_12.pdf
2025,12,CARROLL,Republican,64293,local://MSR-2025_12.pdf
2025,12,CECIL,Republican,35981,local://MSR-2025_12.pdf
2025,12,CHARLES,Republican,23560,local://MSR-2025_12.pdf
2025,12,DORCHESTER,Republican,9727,local://MSR-2025_12.pdf
2025,12,FREDERICK,Republican,68791,local://MSR-2025_12.pdf
2025,12,GARRETT,Republican,14079,local://MSR-2025_12.pdf
2025,12,HARFORD,Republican,82497,local://MSR-2025_12.pdf
2025,12,HOWARD,Republican,48199,local://MSR-2025_12.pdf
2025,12,KENT,Republican,5589,local://MSR-2025_12.pdf
2025,12,MONTGOMERY,Republican,100766,local://MSR-2025_12.pdf
2025,12,PR. GEORGE'S,Republican,41980,local://MSR-2025_12.pdf
2025,12,QUEEN ANNE'S,Republican,20878,local://MSR-2025_12.pdf
2025,12,ST. MARY'S,Republican,33452,local://MSR-2025_12.pdf
2025,12,SOMERSET,Republican,6384,local://MSR-2025_12.pdf
2025,12,TALBOT,Republican,11716,local://MSR-2025_12.pdf
2025,12,WASHINGTON,Republican,45217,local://MSR-2025_12.pdf
2025,12,WICOMICO,Republican,24663,local://MSR-2025_12.pdf
2025,12,WORCESTER,Republican,20253,local://MSR-2025_12.pdf
2025,12,ALLEGANY,Green,60,local://MSR-2025_12.pdf
2025,12,ANNE ARUNDEL,Green,519,local://MSR-2025_12.pdf
2025,12,BALTIMORE CITY,Green,839,local://MSR-2025_12.pdf
2025,12,BALTIMORE CO.,Green,812,local://MSR-2025_12.pdf
2025,12,CALVERT,Green,67,local://MSR-2025_12.pdf
2025,12,CAROLINE,Green,34,local://MSR-2025_12.pdf
2025,12,CARROLL,Green,151,local://MSR-2025_12.pdf
2025,12,CECIL,Green,85,local://MSR-2025_12.pdf
2025,12,CHARLES,Green,139,local://MSR-2025_12.pdf
2025,12,DORCHESTER,Green,21,local://MSR-2025_12.pdf
2025,12,FREDERICK,Green,273,local://MSR-2025_12.pdf
2025,12,GARRETT,Green,21,local://MSR-2025_12.pdf
2025,12,HARFORD,Green,197,local://MSR-2025_12.pdf
2025,12,HOWARD,Green,330,local://MSR-2025_12.pdf
2025,12,KENT,Green,15,local://MSR-2025_12.pdf
2025,12,MONTGOMERY,Green,1058,local://MSR-2025_12.pdf
2025,12,PR. GEORGE'S,Green,811,local://MSR-2025_12.pdf
2025,12,QUEEN ANNE'S,Green,45,local://MSR-2025_12.pdf
2025,12,ST. MARY'S,Green,76,local://MSR-2025_12.pdf
2025,12,SOMERSET,Green,21,local://MSR-2025_12.pdf
2025,12,TALBOT,Green,22,local://MSR-2025_12.pdf
2025,12,WASHINGTON,Green,147,local://MSR-2025_12.pdf
2025,12,WICOMICO,Green,84,local://MSR-2025_12.pdf
2025,12,WORCESTER,Green,47,local://MSR-2025_12.pdf
2025,12,ALLEGANY,Working Class,76,local://MSR-2025_12.pdf
2025,12,ANNE ARUNDEL,Working Class,352,local://MSR-2025_12.pdf
2025,12,BALTIMORE CITY,Working Class,631,local://MSR-2025_12.pdf
2025,12,BALTIMORE CO.,Working Class,611,local://MSR-2025_12.pdf
2025,12,CALVERT,Working Class,52,local://MSR-2025_12.pdf
2025,12,CAROLINE,Working Class,30,local://MSR-2025_12.pdf
2025,12,CARROLL,Working Class,95,local://MSR-2025_12.pdf
2025,12,CECIL,Working Class,108,local://MSR-2025_12.pdf
2025,12,CHARLES,Working Class,134,local://MSR-2025_12.pdf
2025,12,DORCHESTER,Working Class,34,local://MSR-2025_12.pdf
2025,12,FREDERICK,Working Class,171,local://MSR-2025_12.pdf
2025,12,GARRETT,Working Class,15,local://MSR-2025_12.pdf
2025,12,HARFORD,Working Class,196,local://MSR-2025_12.pdf
2025,12,HOWARD,Working Class,110,local://MSR-2025_12.pdf
2025,12,KENT,Working Class,15,local://MSR-2025_12.pdf
2025,12,MONTGOMERY,Working Class,417,local://MSR-2025_12.pdf
2025,12,PR. GEORGE'S,Working Class,567,local://MSR-2025_12.pdf
2025,12,QUEEN ANNE'S,Working Class,35,local://MSR-2025_12.pdf
2025,12,ST. MARY'S,Working Class,73,local://MSR-2025_12.pdf
2025,12,SOMERSET,Working Class,22,local://MSR-2025_12.pdf
2025,12,TALBOT,Working Class,14,local://MSR-2025_12.pdf
2025,12,WASHINGTON,Working Class,126,local://MSR-2025_12.pdf
2025,12,WICOMICO,Working Class,107,local://MSR-2025_12.pdf
2025,12,WORCESTER,Working Class,28,local://MSR-2025_12.pdf
2025,12,ALLEGANY,Unaffiliated,9433,local://MSR-2025_12.pdf
2025,12,ANNE ARUNDEL,Unaffiliated,110328,local://MSR-2025_12.pdf
2025,12,BALTIMORE CITY,Unaffiliated,70171,local://MSR-2025_12.pdf
2025,12,BALTIMORE CO.,Unaffiliated,126903,local://MSR-2025_12.pdf
2025,12,CALVERT,Unaffiliated,17374,local://MSR-2025_12.pdf
2025,12,CAROLINE,Unaffiliated,5196,local://MSR-2025_12.pdf
2025,12,CARROLL,Unaffiliated,31816,local://MSR-2025_12.pdf
2025,12,CECIL,Unaffiliated,17978,local://MSR-2025_12.pdf
2025,12,CHARLES,Unaffiliated,27153,local://MSR-2025_12.pdf
2025,12,DORCHESTER,Unaffiliated,4579,local://MSR-2025_12.pdf
2025,12,FREDERICK,Unaffiliated,56816,local://MSR-2025_12.pdf
2025,12,GARRETT,Unaffiliated,3304,local://MSR-2025_12.pdf
2025,12,HARFORD,Unaffiliated,47642,local://MSR-2025_12.pdf
2025,12,HOWARD,Unaffiliated,67133,local://MSR-2025_12.pdf
2025,12,KENT,Unaffiliated,2945,local://MSR-2025_12.pdf
2025,12,MONTGOMERY,Unaffiliated,186530,local://MSR-2025_12.pdf
2025,12,PR. GEORGE'S,Unaffiliated,110737,local://MSR-2025_12.pdf
2025,12,QUEEN ANNE'S,Unaffiliated,9384,local://MSR-2025_12.pdf
2025,12,ST. MARY'S,Unaffiliated,19198,local://MSR-2025_12.pdf
2025,12,SOMERSET,Unaffiliated,2722,local://MSR-2025_12.pdf
2025,12,TALBOT,Unaffiliated,6249,local://MSR-2025_12.pdf
2025,12,WASHINGTON,Unaffiliated,25642,local://MSR-2025_12.pdf
2025,12,WICOMICO,Unaffiliated,16074,local://MSR-2025_12.pdf
2025,12,WORCESTER,Unaffiliated,9613,local://MSR-2025_12.pdf
2025,12,ALLEGANY,Other,755,local://MSR-2025_12.pdf
2025,12,ANNE ARUNDEL,Other,6770,local://MSR-2025_12.pdf
2025,12,BALTIMORE CITY,Other,6793,local://MSR-2025_12.pdf
2025,12,BALTIMORE CO.,Other,10061,local://MSR-2025_12.pdf
2025,12,CALVERT,Other,1130,local://MSR-2025_12.pdf
2025,12,CAROLINE,Other,368,local://MSR-2025_12.pdf
2025,12,CARROLL,Other,2031,local://MSR-2025_12.pdf
2025,12,CECIL,Other,1292,local://MSR-2025_12.pdf
2025,12,CHARLES,Other,1653,local://MSR-2025_12.pdf
2025,12,DORCHESTER,Other,391,local://MSR-2025_12.pdf
2025,12,FREDERICK,Other,2814,local://MSR-2025_12.pdf
2025,12,GARRETT,Other,295,local://MSR-2025_12.pdf
2025,12,HARFORD,Other,3365,local://MSR-2025_12.pdf
2025,12,HOWARD,Other,3424,local://MSR-2025_12.pdf
2025,12,KENT,Other,213,local://MSR-2025_12.pdf
2025,12,MONTGOMERY,Other,9600,local://MSR-2025_12.pdf
2025,12,PR. GEORGE'S,Other,14121,local://MSR-2025_12.pdf
2025,12,QUEEN ANNE'S,Other,600,local://MSR-2025_12.pdf
2025,12,ST. MARY'S,Other,1216,local://MSR-2025_12.pdf
2025,12,SOMERSET,Other,233,local://MSR-2025_12.pdf
2025,12,TALBOT,Other,433,local://MSR-2025_12.pdf
2025,12,WASHINGTON,Other,1646,local://MSR-2025_12.pdf
2025,12,WICOMICO,Other,1262,local://MSR-2025_12.pdf
2025,12,WORCESTER,Other,780,local://MSR-2025_12.pdf
2024,4,ALLEGANY,Democratic,10967,https://elections.maryland.gov/pdf/vrar/2024/MSR-2024_04.pdf
2024,4,ANNE ARUNDEL,Democratic,173333,https://elections.maryland.gov/pdf/vrar/2024/MSR-2024_04.pdf
2024,4,BALTIMORE CITY,Democratic,296628,https://elections.maryland.gov/pdf/vrar/2024/MSR-2024_04.pdf
2024,4,BALTIMORE CO.,Democratic,306808,https://elections.maryland.gov/pdf/vrar/2024/MSR-2024_04.pdf
2024,4,CALVERT,Democratic,23546,https://elections.maryland.gov/pdf/vrar/2024/MSR-2024_04.pdf
2024,4,CAROLINE,Democratic,6068,https://elections.maryland.gov/pdf/vrar/2024/MSR-2024_04.pdf
2024,4,CARROLL,Democratic,33337,https://elections.maryland.gov/pdf/vrar/2024/MSR-2024_04.pdf
2024,4,CECIL,Democratic,19146,https://elections.maryland.gov/pdf/vrar/2024/MSR-2024_04.pdf
2024,4,CHARLES,Democratic,75031,https://elections.maryland.gov/pdf/vrar/2024/MSR-2024_04.pdf
2024,4,DORCHESTER,Democratic,9523,https://elections.maryland.gov/pdf/vrar/2024/MSR-2024_04.pdf
2024,4,FREDERICK,Democratic,77898,https://elections.maryland.gov/pdf/vrar/2024/MSR-2024_04.pdf
2024,4,GARRETT,Democratic,3529,https://elections.maryland.gov/pdf/vrar/2024/MSR-2024_04.pdf
2024,4,HARFORD,Democratic,64534,https://elections.maryland.gov/pdf/vrar/2024/MSR-2024_04.pdf
2024,4,HOWARD,Democratic,121728,https://elections.maryland.gov/pdf/vrar/2024/MSR-2024_04.pdf
2024,4,KENT,Democratic,5771,https://elections.maryland.gov/pdf/vrar/2024/MSR-2024_04.pdf
2024,4,MONTGOMERY,Democratic,407590,https://elections.maryland.gov/pdf/vrar/2024/MSR-2024_04.pdf
2024,4,PR. GEORGE'S,Democratic,455084,https://elections.maryland.gov/pdf/vrar/2024/MSR-2024_04.pdf
2024,4,QUEEN ANNE'S,Democratic,11080,https://elections.maryland.gov/pdf/vrar/2024/MSR-2024_04.pdf
2024,4,ST. MARY'S,Democratic,24899,https://elections.maryland.gov/pdf/vrar/2024/MSR-2024_04.pdf
2024,4,SOMERSET,Democratic,5430,https://elections.maryland.gov/pdf/vrar/2024/MSR-2024_04.pdf
2024,4,TALBOT,Democratic,10597,https://elections.maryland.gov/pdf/vrar/2024/MSR-2024_04.pdf
2024,4,WASHINGTON,Democratic,30924,https://elections.maryland.gov/pdf/vrar/2024/MSR-2024_04.pdf
2024,4,WICOMICO,Democratic,26200,https://elections.maryland.gov/pdf/vrar/2024/MSR-2024_04.pdf
2024,4,WORCESTER,Democratic,13643,https://elections.maryland.gov/pdf/vrar/2024/MSR-2024_04.pdf
2024,4,ALLEGANY,Republican,22756,https://elections.maryland.gov/pdf/vrar/2024/MSR-2024_04.pdf
2024,4,ANNE ARUNDEL,Republican,129488,https://elections.maryland.gov/pdf/vrar/2024/MSR-2024_04.pdf
2024,4,BALTIMORE CITY,Republican,28557,https://elections.maryland.gov/pdf/vrar/2024/MSR-2024_04.pdf
2024,4,BALTIMORE CO.,Republican,137606,https://elections.maryland.gov/pdf/vrar/2024/MSR-2024_04.pdf
2024,4,CALVERT,Republican,28137,https://elections.maryland.gov/pdf/vrar/2024/MSR-2024_04.pdf
2024,4,CAROLINE,Republican,10722,https://elections.maryland.gov/pdf/vrar/2024/MSR-2024_04.pdf
2024,4,CARROLL,Republican,63784,https://elections.maryland.gov/pdf/vrar/2024/MSR-2024_04.pdf
2024,4,CECIL,Republican,34623,https://elections.maryland.gov/pdf/vrar/2024/MSR-2024_04.pdf
2024,4,CHARLES,Republican,23097,https://elections.maryland.gov/pdf/vrar/2024/MSR-2024_04.pdf
2024,4,DORCHESTER,Republican,9276,https://elections.maryland.gov/pdf/vrar/2024/MSR-2024_04.pdf
2024,4,FREDERICK,Republican,68181,https://elections.maryland.gov/pdf/vrar/2024/MSR-2024_04.pdf
2024,4,GARRETT,Republican,13770,https://elections.maryland.gov/pdf/vrar/2024/MSR-2024_04.pdf
2024,4,HARFORD,Republican,80783,https://elections.maryland.gov/pdf/vrar/2024/MSR-2024_04.pdf
2024,4,HOWARD,Republican,48312,https://elections.maryland.gov/pdf/vrar/2024/MSR-2024_04.pdf
2024,4,KENT,Republican,5308,https://elections.maryland.gov/pdf/vrar/2024/MSR-2024_04.pdf
2024,4,MONTGOMERY,Republican,98514,https://elections.maryland.gov/pdf/vrar/2024/MSR-2024_04.pdf
2024,4,PR. GEORGE'S,Republican,38833,https://elections.maryland.gov/pdf/vrar/2024/MSR-2024_04.pdf
2024,4,QUEEN ANNE'S,Republican,20077,https://elections.maryland.gov/pdf/vrar/2024/MSR-2024_04.pdf
2024,4,ST. MARY'S,Republican,32098,https://elections.maryland.gov/pdf/vrar/2024/MSR-2024_04.pdf
2024,4,SOMERSET,Republican,6173,https://elections.maryland.gov/pdf/vrar/2024/MSR-2024_04.pdf
2024,4,TALBOT,Republican,11677,https://elections.maryland.gov/pdf/vrar/2024/MSR-2024_04.pdf
2024,4,WASHINGTON,Republican,44410,https://elections.maryland.gov/pdf/vrar/2024/MSR-2024_04.pdf
2024,4,WICOMICO,Republican,24039,https://elections.maryland.gov/pdf/vrar/2024/MSR-2024_04.pdf
2024,4,WORCESTER,Republican,19555,https://elections.maryland.gov/pdf/vrar/2024/MSR-2024_04.pdf
2024,4,ALLEGANY,Green,3,https://elections.maryland.gov/pdf/vrar/2024/MSR-2024_04.pdf
2024,4,ANNE ARUNDEL,Green,50,https://elections.maryland.gov/pdf/vrar/2024/MSR-2024_04.pdf
2024,4,BALTIMORE CITY,Green,83,https://elections.maryland.gov/pdf/vrar/2024/MSR-2024_04.pdf
2024,4,BALTIMORE CO.,Green,83,https://elections.maryland.gov/pdf/vrar/2024/MSR-2024_04.pdf
2024,4,CALVERT,Green,18,https://elections.maryland.gov/pdf/vrar/2024/MSR-2024_04.pdf
2024,4,CAROLINE,Green,1,https://elections.maryland.gov/pdf/vrar/2024/MSR-2024_04.pdf
2024,4,CARROLL,Green,15,https://elections.maryland.gov/pdf/vrar/2024/MSR-2024_04.pdf
2024,4,CECIL,Green,16,https://elections.maryland.gov/pdf/vrar/2024/MSR-2024_04.pdf
2024,4,CHARLES,Green,21,https://elections.maryland.gov/pdf/vrar/2024/MSR-2024_04.pdf
2024,4,DORCHESTER,Green,1,https://elections.maryland.gov/pdf/vrar/2024/MSR-2024_04.pdf
2024,4,FREDERICK,Green,39,https://elections.maryland.gov/pdf/vrar/2024/MSR-2024_04.pdf
2024,4,GARRETT,Green,2,https://elections.maryland.gov/pdf/vrar/2024/MSR-2024_04.pdf
2024,4,HARFORD,Green,16,https://elections.maryland.gov/pdf/vrar/2024/MSR-2024_04.pdf
2024,4,HOWARD,Green,39,https://elections.maryland.gov/pdf/vrar/2024/MSR-2024_04.pdf
2024,4,KENT,Green,0,https://elections.maryland.gov/pdf/vrar/2024/MSR-2024_04.pdf
2024,4,MONTGOMERY,Green,132,https://elections.maryland.gov/pdf/vrar/2024/MSR-2024_04.pdf
2024,4,PR. GEORGE'S,Green,73,https://elections.maryland.gov/pdf/vrar/2024/MSR-2024_04.pdf
2024,4,QUEEN ANNE'S,Green,3,https://elections.maryland.gov/pdf/vrar/2024/MSR-2024_04.pdf
2024,4,ST. MARY'S,Green,16,https://elections.maryland.gov/pdf/vrar/2024/MSR-2024_04.pdf
2024,4,SOMERSET,Green,1,https://elections.maryland.gov/pdf/vrar/2024/MSR-2024_04.pdf
2024,4,TALBOT,Green,4,https://elections.maryland.gov/pdf/vrar/2024/MSR-2024_04.pdf
2024,4,WASHINGTON,Green,7,https://elections.maryland.gov/pdf/vrar/2024/MSR-2024_04.pdf
2024,4,WICOMICO,Green,4,https://elections.maryland.gov/pdf/vrar/2024/MSR-2024_04.pdf
2024,4,WORCESTER,Green,3,https://elections.maryland.gov/pdf/vrar/2024/MSR-2024_04.pdf
2024,4,ALLEGANY,Working Class,265,https://elections.maryland.gov/pdf/vrar/2024/MSR-2024_04.pdf
2024,4,ANNE ARUNDEL,Working Class,2514,https://elections.maryland.gov/pdf/vrar/2024/MSR-2024_04.pdf
2024,4,BALTIMORE CITY,Working Class,1198,https://elections.maryland.gov/pdf/vrar/2024/MSR-2024_04.pdf
2024,4,BALTIMORE CO.,Working Class,2690,https://elections.maryland.gov/pdf/vrar/2024/MSR-2024_04.pdf
2024,4,CALVERT,Working Class,463,https://elections.maryland.gov/pdf/vrar/2024/MSR-2024_04.pdf
2024,4,CAROLINE,Working Class,127,https://elections.maryland.gov/pdf/vrar/2024/MSR-2024_04.pdf
2024,4,CARROLL,Working Class,848,https://elections.maryland.gov/pdf/vrar/2024/MSR-2024_04.pdf
2024,4,CECIL,Working Class,491,https://elections.maryland.gov/pdf/vrar/2024/MSR-2024_04.pdf
2024,4,CHARLES,Working Class,442,https://elections.maryland.gov/pdf/vrar/2024/MSR-2024_04.pdf
2024,4,DORCHESTER,Working Class,114,https://elections.maryland.gov/pdf/vrar/2024/MSR-2024_04.pdf
2024,4,FREDERICK,Working Class,1258,https://elections.maryland.gov/pdf/vrar/2024/MSR-2024_04.pdf
2024,4,GARRETT,Working Class,110,https://elections.maryland.gov/pdf/vrar/2024/MSR-2024_04.pdf
2024,4,HARFORD,Working Class,1275,https://elections.maryland.gov/pdf/vrar/2024/MSR-2024_04.pdf
2024,4,HOWARD,Working Class,976,https://elections.maryland.gov/pdf/vrar/2024/MSR-2024_04.pdf
2024,4,KENT,Working Class,70,https://elections.maryland.gov/pdf/vrar/2024/MSR-2024_04.pdf
2024,4,MONTGOMERY,Working Class,2413,https://elections.maryland.gov/pdf/vrar/2024/MSR-2024_04.pdf
2024,4,PR. GEORGE'S,Working Class,1551,https://elections.maryland.gov/pdf/vrar/2024/MSR-2024_04.pdf
2024,4,QUEEN ANNE'S,Working Class,237,https://elections.maryland.gov/pdf/vrar/2024/MSR-2024_04.pdf
2024,4,ST. MARY'S,Working Class,501,https://elections.maryland.gov/pdf/vrar/2024/MSR-2024_04.pdf
2024,4,SOMERSET,Working Class,70,https://elections.maryland.gov/pdf/vrar/2024/MSR-2024_04.pdf
2024,4,TALBOT,Working Class,166,https://elections.maryland.gov/pdf/vrar/2024/MSR-2024_04.pdf
2024,4,WASHINGTON,Working Class,661,https://elections.maryland.gov/pdf/vrar/2024/MSR-2024_04.pdf
2024,4,WICOMICO,Working Class,364,https://elections.maryland.gov/pdf/vrar/2024/MSR-2024_04.pdf
2024,4,WORCESTER,Working Class,240,https://elections.maryland.gov/pdf/vrar/2024/MSR-2024_04.pdf
2024,4,ALLEGANY,Unaffiliated,9001,https://elections.maryland.gov/pdf/vrar/2024/MSR-2024_04.pdf
2024,4,ANNE ARUNDEL,Unaffiliated,105265,https://elections.maryland.gov/pdf/vrar/2024/MSR-2024_04.pdf
2024,4,BALTIMORE CITY,Unaffiliated,62638,https://elections.maryland.gov/pdf/vrar/2024/MSR-2024_04.pdf
2024,4,BALTIMORE CO.,Unaffiliated,117801,https://elections.maryland.gov/pdf/vrar/2024/MSR-2024_04.pdf
2024,4,CALVERT,Unaffiliated,16412,https://elections.maryland.gov/pdf/vrar/2024/MSR-2024_04.pdf
2024,4,CAROLINE,Unaffiliated,4880,https://elections.maryland.gov/pdf/vrar/2024/MSR-2024_04.pdf
2024,4,CARROLL,Unaffiliated,30168,https://elections.maryland.gov/pdf/vrar/2024/MSR-2024_04.pdf
2024,4,CECIL,Unaffiliated,17361,https://elections.maryland.gov/pdf/vrar/2024/MSR-2024_04.pdf
2024,4,CHARLES,Unaffiliated,24429,https://elections.maryland.gov/pdf/vrar/2024/MSR-2024_04.pdf
2024,4,DORCHESTER,Unaffiliated,4230,https://elections.maryland.gov/pdf/vrar/2024/MSR-2024_04.pdf
2024,4,FREDERICK,Unaffiliated,52931,https://elections.maryland.gov/pdf/vrar/2024/MSR-2024_04.pdf
2024,4,GARRETT,Unaffiliated,3110,https://elections.maryland.gov/pdf/vrar/2024/MSR-2024_04.pdf
2024,4,HARFORD,Unaffiliated,44713,https://elections.maryland.gov/pdf/vrar/2024/MSR-2024_04.pdf
2024,4,HOWARD,Unaffiliated,61690,https://elections.maryland.gov/pdf/vrar/2024/MSR-2024_04.pdf
2024,4,KENT,Unaffiliated,2777,https://elections.maryland.gov/pdf/vrar/2024/MSR-2024_04.pdf
2024,4,MONTGOMERY,Unaffiliated,171465,https://elections.maryland.gov/pdf/vrar/2024/MSR-2024_04.pdf
2024,4,PR. GEORGE'S,Unaffiliated,98132,https://elections.maryland.gov/pdf/vrar/2024/MSR-2024_04.pdf
2024,4,QUEEN ANNE'S,Unaffiliated,8889,https://elections.maryland.gov/pdf/vrar/2024/MSR-2024_04.pdf
2024,4,ST. MARY'S,Unaffiliated,17984,https://elections.maryland.gov/pdf/vrar/2024/MSR-2024_04.pdf
2024,4,SOMERSET,Unaffiliated,2531,https://elections.maryland.gov/pdf/vrar/2024/MSR-2024_04.pdf
2024,4,TALBOT,Unaffiliated,6048,https://elections.maryland.gov/pdf/vrar/2024/MSR-2024_04.pdf
2024,4,WASHINGTON,Unaffiliated,23871,https://elections.maryland.gov/pdf/vrar/2024/MSR-2024_04.pdf
2024,4,WICOMICO,Unaffiliated,14819,https://elections.maryland.gov/pdf/vrar/2024/MSR-2024_04.pdf
2024,4,WORCESTER,Unaffiliated,9079,https://elections.maryland.gov/pdf/vrar/2024/MSR-2024_04.pdf
2024,4,ALLEGANY,Other,571,https://elections.maryland.gov/pdf/vrar/2024/MSR-2024_04.pdf
2024,4,ANNE ARUNDEL,Other,4331,https://elections.maryland.gov/pdf/vrar/2024/MSR-2024_04.pdf
2024,4,BALTIMORE CITY,Other,5920,https://elections.maryland.gov/pdf/vrar/2024/MSR-2024_04.pdf
2024,4,BALTIMORE CO.,Other,7863,https://elections.maryland.gov/pdf/vrar/2024/MSR-2024_04.pdf
2024,4,CALVERT,Other,735,https://elections.maryland.gov/pdf/vrar/2024/MSR-2024_04.pdf
2024,4,CAROLINE,Other,263,https://elections.maryland.gov/pdf/vrar/2024/MSR-2024_04.pdf
2024,4,CARROLL,Other,1333,https://elections.maryland.gov/pdf/vrar/2024/MSR-2024_04.pdf
2024,4,CECIL,Other,926,https://elections.maryland.gov/pdf/vrar/2024/MSR-2024_04.pdf
2024,4,CHARLES,Other,1212,https://elections.maryland.gov/pdf/vrar/2024/MSR-2024_04.pdf
2024,4,DORCHESTER,Other,261,https://elections.maryland.gov/pdf/vrar/2024/MSR-2024_04.pdf
2024,4,FREDERICK,Other,1734,https://elections.maryland.gov/pdf/vrar/2024/MSR-2024_04.pdf
2024,4,GARRETT,Other,209,https://elections.maryland.gov/pdf/vrar/2024/MSR-2024_04.pdf
2024,4,HARFORD,Other,2256,https://elections.maryland.gov/pdf/vrar/2024/MSR-2024_04.pdf
2024,4,HOWARD,Other,2489,https://elections.maryland.gov/pdf/vrar/2024/MSR-2024_04.pdf
2024,4,KENT,Other,147,https://elections.maryland.gov/pdf/vrar/2024/MSR-2024_04.pdf
2024,4,MONTGOMERY,Other,7213,https://elections.maryland.gov/pdf/vrar/2024/MSR-2024_04.pdf
2024,4,PR. GEORGE'S,Other,12540,https://elections.maryland.gov/pdf/vrar/2024/MSR-2024_04.pdf
2024,4,QUEEN ANNE'S,Other,392,https://elections.maryland.gov/pdf/vrar/2024/MSR-2024_04.pdf
2024,4,ST. MARY'S,Other,846,https://elections.maryland.gov/pdf/vrar/2024/MSR-2024_04.pdf
2024,4,SOMERSET,Other,169,https://elections.maryland.gov/pdf/vrar/2024/MSR-2024_04.pdf
2024,4,TALBOT,Other,274,https://elections.maryland.gov/pdf/vrar/2024/MSR-2024_04.pdf
2024,4,WASHINGTON,Other,1194,https://elections.maryland.gov/pdf/vrar/2024/MSR-2024_04.pdf
2024,4,WICOMICO,Other,913,https://elections.maryland.gov/pdf/vrar/2024/MSR-2024_04.pdf
2024,4,WORCESTER,Other,564,https://elections.maryland.gov/pdf/vrar/2024/MSR-2024_04.pdf
2024,5,ALLEGANY,Democratic,10957,https://elections.maryland.gov/pdf/vrar/2024/MSR-2024_05.pdf
2024,5,ANNE ARUNDEL,Democratic,173325,https://elections.maryland.gov/pdf/vrar/2024/MSR-2024_05.pdf
2024,5,BALTIMORE CITY,Democratic,296923,https://elections.maryland.gov/pdf/vrar/2024/MSR-2024_05.pdf
2024,5,BALTIMORE CO.,Democratic,307367,https://elections.maryland.gov/pdf/vrar/2024/MSR-2024_05.pdf
2024,5,CALVERT,Democratic,23555,https://elections.maryland.gov/pdf/vrar/2024/MSR-2024_05.pdf
2024,5,CAROLINE,Democratic,6065,https://elections.maryland.gov/pdf/vrar/2024/MSR-2024_05.pdf
2024,5,CARROLL,Democratic,33316,https://elections.maryland.gov/pdf/vrar/2024/MSR-2024_05.pdf
2024,5,CECIL,Democratic,19134,https://elections.maryland.gov/pdf/vrar/2024/MSR-2024_05.pdf
2024,5,CHARLES,Democratic,75082,https://elections.maryland.gov/pdf/vrar/2024/MSR-2024_05.pdf
2024,5,DORCHESTER,Democratic,9511,https://elections.maryland.gov/pdf/vrar/2024/MSR-2024_05.pdf
2024,5,FREDERICK,Democratic,77906,https://elections.maryland.gov/pdf/vrar/2024/MSR-2024_05.pdf
2024,5,GARRETT,Democratic,3522,https://elections.maryland.gov/pdf/vrar/2024/MSR-2024_05.pdf
2024,5,HARFORD,Democratic,64524,https://elections.maryland.gov/pdf/vrar/2024/MSR-2024_05.pdf
2024,5,HOWARD,Democratic,122073,https://elections.maryland.gov/pdf/vrar/2024/MSR-2024_05.pdf
2024,5,KENT,Democratic,5758,https://elections.maryland.gov/pdf/vrar/2024/MSR-2024_05.pdf
2024,5,MONTGOMERY,Democratic,407995,https://elections.maryland.gov/pdf/vrar/2024/MSR-2024_05.pdf
2024,5,PR. GEORGE'S,Democratic,455152,https://elections.maryland.gov/pdf/vrar/2024/MSR-2024_05.pdf
2024,5,QUEEN ANNE'S,Democratic,11077,https://elections.maryland.gov/pdf/vrar/2024/MSR-2024_05.pdf
2024,5,ST. MARY'S,Democratic,24912,https://elections.maryland.gov/pdf/vrar/2024/MSR-2024_05.pdf
2024,5,SOMERSET,Democratic,5424,https://elections.maryland.gov/pdf/vrar/2024/MSR-2024_05.pdf
2024,5,TALBOT,Democratic,10615,https://elections.maryland.gov/pdf/vrar/2024/MSR-2024_05.pdf
2024,5,WASHINGTON,Democratic,30920,https://elections.maryland.gov/pdf/vrar/2024/MSR-2024_05.pdf
2024,5,WICOMICO,Democratic,26169,https://elections.maryland.gov/pdf/vrar/2024/MSR-2024_05.pdf
2024,5,WORCESTER,Democratic,13633,https://elections.maryland.gov/pdf/vrar/2024/MSR-2024_05.pdf
2024,5,ALLEGANY,Republican,22760,https://elections.maryland.gov/pdf/vrar/2024/MSR-2024_05.pdf
2024,5,ANNE ARUNDEL,Republican,129487,https://elections.maryland.gov/pdf/vrar/2024/MSR-2024_05.pdf
2024,5,BALTIMORE CITY,Republican,28556,https://elections.maryland.gov/pdf/vrar/2024/MSR-2024_05.pdf
2024,5,BALTIMORE CO.,Republican,137983,https://elections.maryland.gov/pdf/vrar/2024/MSR-2024_05.pdf
2024,5,CALVERT,Republican,28185,https://elections.maryland.gov/pdf/vrar/2024/MSR-2024_05.pdf
2024,5,CAROLINE,Republican,10745,https://elections.maryland.gov/pdf/vrar/2024/MSR-2024_05.pdf
2024,5,CARROLL,Republican,63898,https://elections.maryland.gov/pdf/vrar/2024/MSR-2024_05.pdf
2024,5,CECIL,Republican,34648,https://elections.maryland.gov/pdf/vrar/2024/MSR-2024_05.pdf
2024,5,CHARLES,Republican,23093,https://elections.maryland.gov/pdf/vrar/2024/MSR-2024_05.pdf
2024,5,DORCHESTER,Republican,9278,https://elections.maryland.gov/pdf/vrar/2024/MSR-2024_05.pdf
2024,5,FREDERICK,Republican,68198,https://elections.maryland.gov/pdf/vrar/2024/MSR-2024_05.pdf
2024,5,GARRETT,Republican,13804,https://elections.maryland.gov/pdf/vrar/2024/MSR-2024_05.pdf
2024,5,HARFORD,Republican,80880,https://elections.maryland.gov/pdf/vrar/2024/MSR-2024_05.pdf
2024,5,HOWARD,Republican,48463,https://elections.maryland.gov/pdf/vrar/2024/MSR-2024_05.pdf
2024,5,KENT,Republican,5307,https://elections.maryland.gov/pdf/vrar/2024/MSR-2024_05.pdf
2024,5,MONTGOMERY,Republican,98486,https://elections.maryland.gov/pdf/vrar/2024/MSR-2024_05.pdf
2024,5,PR. GEORGE'S,Republican,38819,https://elections.maryland.gov/pdf/vrar/2024/MSR-2024_05.pdf
2024,5,QUEEN ANNE'S,Republican,20094,https://elections.maryland.gov/pdf/vrar/2024/MSR-2024_05.pdf
2024,5,ST. MARY'S,Republican,32142,https://elections.maryland.gov/pdf/vrar/2024/MSR-2024_05.pdf
2024,5,SOMERSET,Republican,6163,https://elections.maryland.gov/pdf/vrar/2024/MSR-2024_05.pdf
2024,5,TALBOT,Republican,11673,https://elections.maryland.gov/pdf/vrar/2024/MSR-2024_05.pdf
2024,5,WASHINGTON,Republican,44448,https://elections.maryland.gov/pdf/vrar/2024/MSR-2024_05.pdf
2024,5,WICOMICO,Republican,24020,https://elections.maryland.gov/pdf/vrar/2024/MSR-2024_05.pdf
2024,5,WORCESTER,Republican,19538,https://elections.maryland.gov/pdf/vrar/2024/MSR-2024_05.pdf
2024,5,ALLEGANY,Green,21,https://elections.maryland.gov/pdf/vrar/2024/MSR-2024_05.pdf
2024,5,ANNE ARUNDEL,Green,200,https://elections.maryland.gov/pdf/vrar/2024/MSR-2024_05.pdf
2024,5,BALTIMORE CITY,Green,199,https://elections.maryland.gov/pdf/vrar/2024/MSR-2024_05.pdf
2024,5,BALTIMORE CO.,Green,231,https://elections.maryland.gov/pdf/vrar/2024/MSR-2024_05.pdf
2024,5,CALVERT,Green,39,https://elections.maryland.gov/pdf/vrar/2024/MSR-2024_05.pdf
2024,5,CAROLINE,Green,9,https://elections.maryland.gov/pdf/vrar/2024/MSR-2024_05.pdf
2024,5,CARROLL,Green,49,https://elections.maryland.gov/pdf/vrar/2024/MSR-2024_05.pdf
2024,5,CECIL,Green,37,https://elections.maryland.gov/pdf/vrar/2024/MSR-2024_05.pdf
2024,5,CHARLES,Green,47,https://elections.maryland.gov/pdf/vrar/2024/MSR-2024_05.pdf
2024,5,DORCHESTER,Green,8,https://elections.maryland.gov/pdf/vrar/2024/MSR-2024_05.pdf
2024,5,FREDERICK,Green,101,https://elections.maryland.gov/pdf/vrar/2024/MSR-2024_05.pdf
2024,5,GARRETT,Green,6,https://elections.maryland.gov/pdf/vrar/2024/MSR-2024_05.pdf
2024,5,HARFORD,Green,83,https://elections.maryland.gov/pdf/vrar/2024/MSR-2024_05.pdf
2024,5,HOWARD,Green,105,https://elections.maryland.gov/pdf/vrar/2024/MSR-2024_05.pdf
2024,5,KENT,Green,3,https://elections.maryland.gov/pdf/vrar/2024/MSR-2024_05.pdf
2024,5,MONTGOMERY,Green,299,https://elections.maryland.gov/pdf/vrar/2024/MSR-2024_05.pdf
2024,5,PR. GEORGE'S,Green,275,https://elections.maryland.gov/pdf/vrar/2024/MSR-2024_05.pdf
2024,5,QUEEN ANNE'S,Green,16,https://elections.maryland.gov/pdf/vrar/2024/MSR-2024_05.pdf
2024,5,ST. MARY'S,Green,41,https://elections.maryland.gov/pdf/vrar/2024/MSR-2024_05.pdf
2024,5,SOMERSET,Green,6,https://elections.maryland.gov/pdf/vrar/2024/MSR-2024_05.pdf
2024,5,TALBOT,Green,12,https://elections.maryland.gov/pdf/vrar/2024/MSR-2024_05.pdf
2024,5,WASHINGTON,Green,30,https://elections.maryland.gov/pdf/vrar/2024/MSR-2024_05.pdf
2024,5,WICOMICO,Green,25,https://elections.maryland.gov/pdf/vrar/2024/MSR-2024_05.pdf
2024,5,WORCESTER,Green,16,https://elections.maryland.gov/pdf/vrar/2024/MSR-2024_05.pdf
2024,5,ALLEGANY,Working Class,265,https://elections.maryland.gov/pdf/vrar/2024/MSR-2024_05.pdf
2024,5,ANNE ARUNDEL,Working Class,2509,https://elections.maryland.gov/pdf/vrar/2024/MSR-2024_05.pdf
2024,5,BALTIMORE CITY,Working Class,1198,https://elections.maryland.gov/pdf/vrar/2024/MSR-2024_05.pdf
2024,5,BALTIMORE CO.,Working Class,2681,https://elections.maryland.gov/pdf/vrar/2024/MSR-2024_05.pdf
2024,5,CALVERT,Working Class,462,https://elections.maryland.gov/pdf/vrar/2024/MSR-2024_05.pdf
2024,5,CAROLINE,Working Class,127,https://elections.maryland.gov/pdf/vrar/2024/MSR-2024_05.pdf
2024,5,CARROLL,Working Class,841,https://elections.maryland.gov/pdf/vrar/2024/MSR-2024_05.pdf
2024,5,CECIL,Working Class,491,https://elections.maryland.gov/pdf/vrar/2024/MSR-2024_05.pdf
2024,5,CHARLES,Working Class,442,https://elections.maryland.gov/pdf/vrar/2024/MSR-2024_05.pdf
2024,5,DORCHESTER,Working Class,113,https://elections.maryland.gov/pdf/vrar/2024/MSR-2024_05.pdf
2024,5,FREDERICK,Working Class,1256,https://elections.maryland.gov/pdf/vrar/2024/MSR-2024_05.pdf
2024,5,GARRETT,Working Class,109,https://elections.maryland.gov/pdf/vrar/2024/MSR-2024_05.pdf
2024,5,HARFORD,Working Class,1273,https://elections.maryland.gov/pdf/vrar/2024/MSR-2024_05.pdf
2024,5,HOWARD,Working Class,974,https://elections.maryland.gov/pdf/vrar/2024/MSR-2024_05.pdf
2024,5,KENT,Working Class,71,https://elections.maryland.gov/pdf/vrar/2024/MSR-2024_05.pdf
2024,5,MONTGOMERY,Working Class,2415,https://elections.maryland.gov/pdf/vrar/2024/MSR-2024_05.pdf
2024,5,PR. GEORGE'S,Working Class,1552,https://elections.maryland.gov/pdf/vrar/2024/MSR-2024_05.pdf
2024,5,QUEEN ANNE'S,Working Class,237,https://elections.maryland.gov/pdf/vrar/2024/MSR-2024_05.pdf
2024,5,ST. MARY'S,Working Class,502,https://elections.maryland.gov/pdf/vrar/2024/MSR-2024_05.pdf
2024,5,SOMERSET,Working Class,70,https://elections.maryland.gov/pdf/vrar/2024/MSR-2024_05.pdf
2024,5,TALBOT,Working Class,166,https://elections.maryland.gov/pdf/vrar/2024/MSR-2024_05.pdf
2024,5,WASHINGTON,Working Class,661,https://elections.maryland.gov/pdf/vrar/2024/MSR-2024_05.pdf
2024,5,WICOMICO,Working Class,364,https://elections.maryland.gov/pdf/vrar/2024/MSR-2024_05.pdf
2024,5,WORCESTER,Working Class,239,https://elections.maryland.gov/pdf/vrar/2024/MSR-2024_05.pdf
2024,5,ALLEGANY,Unaffiliated,8992,https://elections.maryland.gov/pdf/vrar/2024/MSR-2024_05.pdf
2024,5,ANNE ARUNDEL,Unaffiliated,105156,https://elections.maryland.gov/pdf/vrar/2024/MSR-2024_05.pdf
2024,5,BALTIMORE CITY,Unaffiliated,62599,https://elections.maryland.gov/pdf/vrar/2024/MSR-2024_05.pdf
2024,5,BALTIMORE CO.,Unaffiliated,116792,https://elections.maryland.gov/pdf/vrar/2024/MSR-2024_05.pdf
2024,5,CALVERT,Unaffiliated,16353,https://elections.maryland.gov/pdf/vrar/2024/MSR-2024_05.pdf
2024,5,CAROLINE,Unaffiliated,4847,https://elections.maryland.gov/pdf/vrar/2024/MSR-2024_05.pdf
2024,5,CARROLL,Unaffiliated,29993,https://elections.maryland.gov/pdf/vrar/2024/MSR-2024_05.pdf
2024,5,CECIL,Unaffiliated,17353,https://elections.maryland.gov/pdf/vrar/2024/MSR-2024_05.pdf
2024,5,CHARLES,Unaffiliated,24413,https://elections.maryland.gov/pdf/vrar/2024/MSR-2024_05.pdf
2024,5,DORCHESTER,Unaffiliated,4215,https://elections.maryland.gov/pdf/vrar/2024/MSR-2024_05.pdf
2024,5,FREDERICK,Unaffiliated,52867,https://elections.maryland.gov/pdf/vrar/2024/MSR-2024_05.pdf
2024,5,GARRETT,Unaffiliated,3087,https://elections.maryland.gov/pdf/vrar/2024/MSR-2024_05.pdf
2024,5,HARFORD,Unaffiliated,44543,https://elections.maryland.gov/pdf/vrar/2024/MSR-2024_05.pdf
2024,5,HOWARD,Unaffiliated,61318,https://elections.maryland.gov/pdf/vrar/2024/MSR-2024_05.pdf
2024,5,KENT,Unaffiliated,2779,https://elections.maryland.gov/pdf/vrar/2024/MSR-2024_05.pdf
2024,5,MONTGOMERY,Unaffiliated,171413,https://elections.maryland.gov/pdf/vrar/2024/MSR-2024_05.pdf
2024,5,PR. GEORGE'S,Unaffiliated,98090,https://elections.maryland.gov/pdf/vrar/2024/MSR-2024_05.pdf
2024,5,QUEEN ANNE'S,Unaffiliated,8886,https://elections.maryland.gov/pdf/vrar/2024/MSR-2024_05.pdf
2024,5,ST. MARY'S,Unaffiliated,17985,https://elections.maryland.gov/pdf/vrar/2024/MSR-2024_05.pdf
2024,5,SOMERSET,Unaffiliated,2526,https://elections.maryland.gov/pdf/vrar/2024/MSR-2024_05.pdf
2024,5,TALBOT,Unaffiliated,6034,https://elections.maryland.gov/pdf/vrar/2024/MSR-2024_05.pdf
2024,5,WASHINGTON,Unaffiliated,23779,https://elections.maryland.gov/pdf/vrar/2024/MSR-2024_05.pdf
2024,5,WICOMICO,Unaffiliated,14807,https://elections.maryland.gov/pdf/vrar/2024/MSR-2024_05.pdf
2024,5,WORCESTER,Unaffiliated,9072,https://elections.maryland.gov/pdf/vrar/2024/MSR-2024_05.pdf
2024,5,ALLEGANY,Other,572,https://elections.maryland.gov/pdf/vrar/2024/MSR-2024_05.pdf
2024,5,ANNE ARUNDEL,Other,4326,https://elections.maryland.gov/pdf/vrar/2024/MSR-2024_05.pdf
2024,5,BALTIMORE CITY,Other,5912,https://elections.maryland.gov/pdf/vrar/2024/MSR-2024_05.pdf
2024,5,BALTIMORE CO.,Other,7761,https://elections.maryland.gov/pdf/vrar/2024/MSR-2024_05.pdf
2024,5,CALVERT,Other,728,https://elections.maryland.gov/pdf/vrar/2024/MSR-2024_05.pdf
2024,5,CAROLINE,Other,259,https://elections.maryland.gov/pdf/vrar/2024/MSR-2024_05.pdf
2024,5,CARROLL,Other,1326,https://elections.maryland.gov/pdf/vrar/2024/MSR-2024_05.pdf
2024,5,CECIL,Other,926,https://elections.maryland.gov/pdf/vrar/2024/MSR-2024_05.pdf
2024,5,CHARLES,Other,1211,https://elections.maryland.gov/pdf/vrar/2024/MSR-2024_05.pdf
2024,5,DORCHESTER,Other,260,https://elections.maryland.gov/pdf/vrar/2024/MSR-2024_05.pdf
2024,5,FREDERICK,Other,1731,https://elections.maryland.gov/pdf/vrar/2024/MSR-2024_05.pdf
2024,5,GARRETT,Other,205,https://elections.maryland.gov/pdf/vrar/2024/MSR-2024_05.pdf
2024,5,HARFORD,Other,2238,https://elections.maryland.gov/pdf/vrar/2024/MSR-2024_05.pdf
2024,5,HOWARD,Other,2469,https://elections.maryland.gov/pdf/vrar/2024/MSR-2024_05.pdf
2024,5,KENT,Other,144,https://elections.maryland.gov/pdf/vrar/2024/MSR-2024_05.pdf
2024,5,MONTGOMERY,Other,7205,https://elections.maryland.gov/pdf/vrar/2024/MSR-2024_05.pdf
2024,5,PR. GEORGE'S,Other,12534,https://elections.maryland.gov/pdf/vrar/2024/MSR-2024_05.pdf
2024,5,QUEEN ANNE'S,Other,391,https://elections.maryland.gov/pdf/vrar/2024/MSR-2024_05.pdf
2024,5,ST. MARY'S,Other,845,https://elections.maryland.gov/pdf/vrar/2024/MSR-2024_05.pdf
2024,5,SOMERSET,Other,168,https://elections.maryland.gov/pdf/vrar/2024/MSR-2024_05.pdf
2024,5,TALBOT,Other,275,https://elections.maryland.gov/pdf/vrar/2024/MSR-2024_05.pdf
2024,5,WASHINGTON,Other,1186,https://elections.maryland.gov/pdf/vrar/2024/MSR-2024_05.pdf
2024,5,WICOMICO,Other,910,https://elections.maryland.gov/pdf/vrar/2024/MSR-2024_05.pdf
2024,5,WORCESTER,Other,564,https://elections.maryland.gov/pdf/vrar/2024/MSR-2024_05.pdf
2024,6,ALLEGANY,Democratic,10827,https://elections.maryland.gov/pdf/vrar/2024/MSR-2024_06.pdf
2024,6,ANNE ARUNDEL,Democratic,170657,https://elections.maryland.gov/pdf/vrar/2024/MSR-2024_06.pdf
2024,6,BALTIMORE CITY,Democratic,294942,https://elections.maryland.gov/pdf/vrar/2024/MSR-2024_06.pdf
2024,6,BALTIMORE CO.,Democratic,307069,https://elections.maryland.gov/pdf/vrar/2024/MSR-2024_06.pdf
2024,6,CALVERT,Democratic,23236,https://elections.maryland.gov/pdf/vrar/2024/MSR-2024_06.pdf
2024,6,CAROLINE,Democratic,5964,https://elections.maryland.gov/pdf/vrar/2024/MSR-2024_06.pdf
2024,6,CARROLL,Democratic,33081,https://elections.maryland.gov/pdf/vrar/2024/MSR-2024_06.pdf
2024,6,CECIL,Democratic,19062,https://elections.maryland.gov/pdf/vrar/2024/MSR-2024_06.pdf
2024,6,CHARLES,Democratic,74821,https://elections.maryland.gov/pdf/vrar/2024/MSR-2024_06.pdf
2024,6,DORCHESTER,Democratic,9498,https://elections.maryland.gov/pdf/vrar/2024/MSR-2024_06.pdf
2024,6,FREDERICK,Democratic,77691,https://elections.maryland.gov/pdf/vrar/2024/MSR-2024_06.pdf
2024,6,GARRETT,Democratic,3465,https://elections.maryland.gov/pdf/vrar/2024/MSR-2024_06.pdf
2024,6,HARFORD,Democratic,64201,https://elections.maryland.gov/pdf/vrar/2024/MSR-2024_06.pdf
2024,6,HOWARD,Democratic,121928,https://elections.maryland.gov/pdf/vrar/2024/MSR-2024_06.pdf
2024,6,KENT,Democratic,5730,https://elections.maryland.gov/pdf/vrar/2024/MSR-2024_06.pdf
2024,6,MONTGOMERY,Democratic,405476,https://elections.maryland.gov/pdf/vrar/2024/MSR-2024_06.pdf
2024,6,PR. GEORGE'S,Democratic,451183,https://elections.maryland.gov/pdf/vrar/2024/MSR-2024_06.pdf
2024,6,QUEEN ANNE'S,Democratic,11110,https://elections.maryland.gov/pdf/vrar/2024/MSR-2024_06.pdf
2024,6,ST. MARY'S,Democratic,24533,https://elections.maryland.gov/pdf/vrar/2024/MSR-2024_06.pdf
2024,6,SOMERSET,Democratic,5382,https://elections.maryland.gov/pdf/vrar/2024/MSR-2024_06.pdf
2024,6,TALBOT,Democratic,10599,https://elections.maryland.gov/pdf/vrar/2024/MSR-2024_06.pdf
2024,6,WASHINGTON,Democratic,30423,https://elections.maryland.gov/pdf/vrar/2024/MSR-2024_06.pdf
2024,6,WICOMICO,Democratic,25911,https://elections.maryland.gov/pdf/vrar/2024/MSR-2024_06.pdf
2024,6,WORCESTER,Democratic,13469,https://elections.maryland.gov/pdf/vrar/2024/MSR-2024_06.pdf
2024,6,ALLEGANY,Republican,22824,https://elections.maryland.gov/pdf/vrar/2024/MSR-2024_06.pdf
2024,6,ANNE ARUNDEL,Republican,128052,https://elections.maryland.gov/pdf/vrar/2024/MSR-2024_06.pdf
2024,6,BALTIMORE CITY,Republican,28293,https://elections.maryland.gov/pdf/vrar/2024/MSR-2024_06.pdf
2024,6,BALTIMORE CO.,Republican,138092,https://elections.maryland.gov/pdf/vrar/2024/MSR-2024_06.pdf
2024,6,CALVERT,Republican,28005,https://elections.maryland.gov/pdf/vrar/2024/MSR-2024_06.pdf
2024,6,CAROLINE,Republican,10691,https://elections.maryland.gov/pdf/vrar/2024/MSR-2024_06.pdf
2024,6,CARROLL,Republican,63510,https://elections.maryland.gov/pdf/vrar/2024/MSR-2024_06.pdf
2024,6,CECIL,Republican,35071,https://elections.maryland.gov/pdf/vrar/2024/MSR-2024_06.pdf
2024,6,CHARLES,Republican,23027,https://elections.maryland.gov/pdf/vrar/2024/MSR-2024_06.pdf
2024,6,DORCHESTER,Republican,9341,https://elections.maryland.gov/pdf/vrar/2024/MSR-2024_06.pdf
2024,6,FREDERICK,Republican,68073,https://elections.maryland.gov/pdf/vrar/2024/MSR-2024_06.pdf
2024,6,GARRETT,Republican,13716,https://elections.maryland.gov/pdf/vrar/2024/MSR-2024_06.pdf
2024,6,HARFORD,Republican,80792,https://elections.maryland.gov/pdf/vrar/2024/MSR-2024_06.pdf
2024,6,HOWARD,Republican,48237,https://elections.maryland.gov/pdf/vrar/2024/MSR-2024_06.pdf
2024,6,KENT,Republican,5335,https://elections.maryland.gov/pdf/vrar/2024/MSR-2024_06.pdf
2024,6,MONTGOMERY,Republican,98097,https://elections.maryland.gov/pdf/vrar/2024/MSR-2024_06.pdf
2024,6,PR. GEORGE'S,Republican,38584,https://elections.maryland.gov/pdf/vrar/2024/MSR-2024_06.pdf
2024,6,QUEEN ANNE'S,Republican,20206,https://elections.maryland.gov/pdf/vrar/2024/MSR-2024_06.pdf
2024,6,ST. MARY'S,Republican,31960,https://elections.maryland.gov/pdf/vrar/2024/MSR-2024_06.pdf
2024,6,SOMERSET,Republican,6185,https://elections.maryland.gov/pdf/vrar/2024/MSR-2024_06.pdf
2024,6,TALBOT,Republican,11704,https://elections.maryland.gov/pdf/vrar/2024/MSR-2024_06.pdf
2024,6,WASHINGTON,Republican,44115,https://elections.maryland.gov/pdf/vrar/2024/MSR-2024_06.pdf
2024,6,WICOMICO,Republican,24020,https://elections.maryland.gov/pdf/vrar/2024/MSR-2024_06.pdf
2024,6,WORCESTER,Republican,19381,https://elections.maryland.gov/pdf/vrar/2024/MSR-2024_06.pdf
2024,6,ALLEGANY,Green,34,https://elections.maryland.gov/pdf/vrar/2024/MSR-2024_06.pdf
2024,6,ANNE ARUNDEL,Green,342,https://elections.maryland.gov/pdf/vrar/2024/MSR-2024_06.pdf
2024,6,BALTIMORE CITY,Green,209,https://elections.maryland.gov/pdf/vrar/2024/MSR-2024_06.pdf
2024,6,BALTIMORE CO.,Green,433,https://elections.maryland.gov/pdf/vrar/2024/MSR-2024_06.pdf
2024,6,CALVERT,Green,53,https://elections.maryland.gov/pdf/vrar/2024/MSR-2024_06.pdf
2024,6,CAROLINE,Green,21,https://elections.maryland.gov/pdf/vrar/2024/MSR-2024_06.pdf
2024,6,CARROLL,Green,79,https://elections.maryland.gov/pdf/vrar/2024/MSR-2024_06.pdf
2024,6,CECIL,Green,79,https://elections.maryland.gov/pdf/vrar/2024/MSR-2024_06.pdf
2024,6,CHARLES,Green,88,https://elections.maryland.gov/pdf/vrar/2024/MSR-2024_06.pdf
2024,6,DORCHESTER,Green,17,https://elections.maryland.gov/pdf/vrar/2024/MSR-2024_06.pdf
2024,6,FREDERICK,Green,148,https://elections.maryland.gov/pdf/vrar/2024/MSR-2024_06.pdf
2024,6,GARRETT,Green,14,https://elections.maryland.gov/pdf/vrar/2024/MSR-2024_06.pdf
2024,6,HARFORD,Green,160,https://elections.maryland.gov/pdf/vrar/2024/MSR-2024_06.pdf
2024,6,HOWARD,Green,182,https://elections.maryland.gov/pdf/vrar/2024/MSR-2024_06.pdf
2024,6,KENT,Green,8,https://elections.maryland.gov/pdf/vrar/2024/MSR-2024_06.pdf
2024,6,MONTGOMERY,Green,385,https://elections.maryland.gov/pdf/vrar/2024/MSR-2024_06.pdf
2024,6,PR. GEORGE'S,Green,370,https://elections.maryland.gov/pdf/vrar/2024/MSR-2024_06.pdf
2024,6,QUEEN ANNE'S,Green,30,https://elections.maryland.gov/pdf/vrar/2024/MSR-2024_06.pdf
2024,6,ST. MARY'S,Green,48,https://elections.maryland.gov/pdf/vrar/2024/MSR-2024_06.pdf
2024,6,SOMERSET,Green,12,https://elections.maryland.gov/pdf/vrar/2024/MSR-2024_06.pdf
2024,6,TALBOT,Green,18,https://elections.maryland.gov/pdf/vrar/2024/MSR-2024_06.pdf
2024,6,WASHINGTON,Green,54,https://elections.maryland.gov/pdf/vrar/2024/MSR-2024_06.pdf
2024,6,WICOMICO,Green,66,https://elections.maryland.gov/pdf/vrar/2024/MSR-2024_06.pdf
2024,6,WORCESTER,Green,29,https://elections.maryland.gov/pdf/vrar/2024/MSR-2024_06.pdf
2024,6,ALLEGANY,Working Class,266,https://elections.maryland.gov/pdf/vrar/2024/MSR-2024_06.pdf
2024,6,ANNE ARUNDEL,Working Class,2511,https://elections.maryland.gov/pdf/vrar/2024/MSR-2024_06.pdf
2024,6,BALTIMORE CITY,Working Class,1180,https://elections.maryland.gov/pdf/vrar/2024/MSR-2024_06.pdf
2024,6,BALTIMORE CO.,Working Class,2694,https://elections.maryland.gov/pdf/vrar/2024/MSR-2024_06.pdf
2024,6,CALVERT,Working Class,454,https://elections.maryland.gov/pdf/vrar/2024/MSR-2024_06.pdf
2024,6,CAROLINE,Working Class,125,https://elections.maryland.gov/pdf/vrar/2024/MSR-2024_06.pdf
2024,6,CARROLL,Working Class,834,https://elections.maryland.gov/pdf/vrar/2024/MSR-2024_06.pdf
2024,6,CECIL,Working Class,477,https://elections.maryland.gov/pdf/vrar/2024/MSR-2024_06.pdf
2024,6,CHARLES,Working Class,443,https://elections.maryland.gov/pdf/vrar/2024/MSR-2024_06.pdf
2024,6,DORCHESTER,Working Class,110,https://elections.maryland.gov/pdf/vrar/2024/MSR-2024_06.pdf
2024,6,FREDERICK,Working Class,1260,https://elections.maryland.gov/pdf/vrar/2024/MSR-2024_06.pdf
2024,6,GARRETT,Working Class,110,https://elections.maryland.gov/pdf/vrar/2024/MSR-2024_06.pdf
2024,6,HARFORD,Working Class,1285,https://elections.maryland.gov/pdf/vrar/2024/MSR-2024_06.pdf
2024,6,HOWARD,Working Class,967,https://elections.maryland.gov/pdf/vrar/2024/MSR-2024_06.pdf
2024,6,KENT,Working Class,70,https://elections.maryland.gov/pdf/vrar/2024/MSR-2024_06.pdf
2024,6,MONTGOMERY,Working Class,2416,https://elections.maryland.gov/pdf/vrar/2024/MSR-2024_06.pdf
2024,6,PR. GEORGE'S,Working Class,1536,https://elections.maryland.gov/pdf/vrar/2024/MSR-2024_06.pdf
2024,6,QUEEN ANNE'S,Working Class,235,https://elections.maryland.gov/pdf/vrar/2024/MSR-2024_06.pdf
2024,6,ST. MARY'S,Working Class,495,https://elections.maryland.gov/pdf/vrar/2024/MSR-2024_06.pdf
2024,6,SOMERSET,Working Class,71,https://elections.maryland.gov/pdf/vrar/2024/MSR-2024_06.pdf
2024,6,TALBOT,Working Class,169,https://elections.maryland.gov/pdf/vrar/2024/MSR-2024_06.pdf
2024,6,WASHINGTON,Working Class,658,https://elections.maryland.gov/pdf/vrar/2024/MSR-2024_06.pdf
2024,6,WICOMICO,Working Class,377,https://elections.maryland.gov/pdf/vrar/2024/MSR-2024_06.pdf
2024,6,WORCESTER,Working Class,236,https://elections.maryland.gov/pdf/vrar/2024/MSR-2024_06.pdf
2024,6,ALLEGANY,Unaffiliated,8786,https://elections.maryland.gov/pdf/vrar/2024/MSR-2024_06.pdf
2024,6,ANNE ARUNDEL,Unaffiliated,103138,https://elections.maryland.gov/pdf/vrar/2024/MSR-2024_06.pdf
2024,6,BALTIMORE CITY,Unaffiliated,61098,https://elections.maryland.gov/pdf/vrar/2024/MSR-2024_06.pdf
2024,6,BALTIMORE CO.,Unaffiliated,117815,https://elections.maryland.gov/pdf/vrar/2024/MSR-2024_06.pdf
2024,6,CALVERT,Unaffiliated,16231,https://elections.maryland.gov/pdf/vrar/2024/MSR-2024_06.pdf
2024,6,CAROLINE,Unaffiliated,4861,https://elections.maryland.gov/pdf/vrar/2024/MSR-2024_06.pdf
2024,6,CARROLL,Unaffiliated,29982,https://elections.maryland.gov/pdf/vrar/2024/MSR-2024_06.pdf
2024,6,CECIL,Unaffiliated,17112,https://elections.maryland.gov/pdf/vrar/2024/MSR-2024_06.pdf
2024,6,CHARLES,Unaffiliated,24453,https://elections.maryland.gov/pdf/vrar/2024/MSR-2024_06.pdf
2024,6,DORCHESTER,Unaffiliated,4251,https://elections.maryland.gov/pdf/vrar/2024/MSR-2024_06.pdf
2024,6,FREDERICK,Unaffiliated,53044,https://elections.maryland.gov/pdf/vrar/2024/MSR-2024_06.pdf
2024,6,GARRETT,Unaffiliated,3034,https://elections.maryland.gov/pdf/vrar/2024/MSR-2024_06.pdf
2024,6,HARFORD,Unaffiliated,44680,https://elections.maryland.gov/pdf/vrar/2024/MSR-2024_06.pdf
2024,6,HOWARD,Unaffiliated,61785,https://elections.maryland.gov/pdf/vrar/2024/MSR-2024_06.pdf
2024,6,KENT,Unaffiliated,2788,https://elections.maryland.gov/pdf/vrar/2024/MSR-2024_06.pdf
2024,6,MONTGOMERY,Unaffiliated,170519,https://elections.maryland.gov/pdf/vrar/2024/MSR-2024_06.pdf
2024,6,PR. GEORGE'S,Unaffiliated,96352,https://elections.maryland.gov/pdf/vrar/2024/MSR-2024_06.pdf
2024,6,QUEEN ANNE'S,Unaffiliated,8809,https://elections.maryland.gov/pdf/vrar/2024/MSR-2024_06.pdf
2024,6,ST. MARY'S,Unaffiliated,17625,https://elections.maryland.gov/pdf/vrar/2024/MSR-2024_06.pdf
2024,6,SOMERSET,Unaffiliated,2530,https://elections.maryland.gov/pdf/vrar/2024/MSR-2024_06.pdf
2024,6,TALBOT,Unaffiliated,6062,https://elections.maryland.gov/pdf/vrar/2024/MSR-2024_06.pdf
2024,6,WASHINGTON,Unaffiliated,23554,https://elections.maryland.gov/pdf/vrar/2024/MSR-2024_06.pdf
2024,6,WICOMICO,Unaffiliated,14929,https://elections.maryland.gov/pdf/vrar/2024/MSR-2024_06.pdf
2024,6,WORCESTER,Unaffiliated,8969,https://elections.maryland.gov/pdf/vrar/2024/MSR-2024_06.pdf
2024,6,ALLEGANY,Other,566,https://elections.maryland.gov/pdf/vrar/2024/MSR-2024_06.pdf
2024,6,ANNE ARUNDEL,Other,4251,https://elections.maryland.gov/pdf/vrar/2024/MSR-2024_06.pdf
2024,6,BALTIMORE CITY,Other,5735,https://elections.maryland.gov/pdf/vrar/2024/MSR-2024_06.pdf
2024,6,BALTIMORE CO.,Other,7801,https://elections.maryland.gov/pdf/vrar/2024/MSR-2024_06.pdf
2024,6,CALVERT,Other,718,https://elections.maryland.gov/pdf/vrar/2024/MSR-2024_06.pdf
2024,6,CAROLINE,Other,259,https://elections.maryland.gov/pdf/vrar/2024/MSR-2024_06.pdf
2024,6,CARROLL,Other,1323,https://elections.maryland.gov/pdf/vrar/2024/MSR-2024_06.pdf
2024,6,CECIL,Other,906,https://elections.maryland.gov/pdf/vrar/2024/MSR-2024_06.pdf
2024,6,CHARLES,Other,1199,https://elections.maryland.gov/pdf/vrar/2024/MSR-2024_06.pdf
2024,6,DORCHESTER,Other,261,https://elections.maryland.gov/pdf/vrar/2024/MSR-2024_06.pdf
2024,6,FREDERICK,Other,1710,https://elections.maryland.gov/pdf/vrar/2024/MSR-2024_06.pdf
2024,6,GARRETT,Other,207,https://elections.maryland.gov/pdf/vrar/2024/MSR-2024_06.pdf
2024,6,HARFORD,Other,2233,https://elections.maryland.gov/pdf/vrar/2024/MSR-2024_06.pdf
2024,6,HOWARD,Other,2472,https://elections.maryland.gov/pdf/vrar/2024/MSR-2024_06.pdf
2024,6,KENT,Other,144,https://elections.maryland.gov/pdf/vrar/2024/MSR-2024_06.pdf
2024,6,MONTGOMERY,Other,7139,https://elections.maryland.gov/pdf/vrar/2024/MSR-2024_06.pdf
2024,6,PR. GEORGE'S,Other,12291,https://elections.maryland.gov/pdf/vrar/2024/MSR-2024_06.pdf
2024,6,QUEEN ANNE'S,Other,380,https://elections.maryland.gov/pdf/vrar/2024/MSR-2024_06.pdf
2024,6,ST. MARY'S,Other,819,https://elections.maryland.gov/pdf/vrar/2024/MSR-2024_06.pdf
2024,6,SOMERSET,Other,170,https://elections.maryland.gov/pdf/vrar/2024/MSR-2024_06.pdf
2024,6,TALBOT,Other,274,https://elections.maryland.gov/pdf/vrar/2024/MSR-2024_06.pdf
2024,6,WASHINGTON,Other,1173,https://elections.maryland.gov/pdf/vrar/2024/MSR-2024_06.pdf
2024,6,WICOMICO,Other,888,https://elections.maryland.gov/pdf/vrar/2024/MSR-2024_06.pdf
2024,6,WORCESTER,Other,552,https://elections.maryland.gov/pdf/vrar/2024/MSR-2024_06.pdf
2024,7,ALLEGANY,Democratic,10791,https://elections.maryland.gov/pdf/vrar/2024/MSR-2024_07.pdf
2024,7,ANNE ARUNDEL,Democratic,171051,https://elections.maryland.gov/pdf/vrar/2024/MSR-2024_07.pdf
2024,7,BALTIMORE CITY,Democratic,296091,https://elections.maryland.gov/pdf/vrar/2024/MSR-2024_07.pdf
2024,7,BALTIMORE CO.,Democratic,306358,https://elections.maryland.gov/pdf/vrar/2024/MSR-2024_07.pdf
2024,7,CALVERT,Democratic,23264,https://elections.maryland.gov/pdf/vrar/2024/MSR-2024_07.pdf
2024,7,CAROLINE,Democratic,5962,https://elections.maryland.gov/pdf/vrar/2024/MSR-2024_07.pdf
2024,7,CARROLL,Democratic,33112,https://elections.maryland.gov/pdf/vrar/2024/MSR-2024_07.pdf
2024,7,CECIL,Democratic,19011,https://elections.maryland.gov/pdf/vrar/2024/MSR-2024_07.pdf
2024,7,CHARLES,Democratic,74913,https://elections.maryland.gov/pdf/vrar/2024/MSR-2024_07.pdf
2024,7,DORCHESTER,Democratic,9504,https://elections.maryland.gov/pdf/vrar/2024/MSR-2024_07.pdf
2024,7,FREDERICK,Democratic,77885,https://elections.maryland.gov/pdf/vrar/2024/MSR-2024_07.pdf
2024,7,GARRETT,Democratic,3458,https://elections.maryland.gov/pdf/vrar/2024/MSR-2024_07.pdf
2024,7,HARFORD,Democratic,64052,https://elections.maryland.gov/pdf/vrar/2024/MSR-2024_07.pdf
2024,7,HOWARD,Democratic,122110,https://elections.maryland.gov/pdf/vrar/2024/MSR-2024_07.pdf
2024,7,KENT,Democratic,5710,https://elections.maryland.gov/pdf/vrar/2024/MSR-2024_07.pdf
2024,7,MONTGOMERY,Democratic,402271,https://elections.maryland.gov/pdf/vrar/2024/MSR-2024_07.pdf
2024,7,PR. GEORGE'S,Democratic,453276,https://elections.maryland.gov/pdf/vrar/2024/MSR-2024_07.pdf
2024,7,QUEEN ANNE'S,Democratic,11128,https://elections.maryland.gov/pdf/vrar/2024/MSR-2024_07.pdf
2024,7,ST. MARY'S,Democratic,24509,https://elections.maryland.gov/pdf/vrar/2024/MSR-2024_07.pdf
2024,7,SOMERSET,Democratic,5368,https://elections.maryland.gov/pdf/vrar/2024/MSR-2024_07.pdf
2024,7,TALBOT,Democratic,10424,https://elections.maryland.gov/pdf/vrar/2024/MSR-2024_07.pdf
2024,7,WASHINGTON,Democratic,30258,https://elections.maryland.gov/pdf/vrar/2024/MSR-2024_07.pdf
2024,7,WICOMICO,Democratic,25823,https://elections.maryland.gov/pdf/vrar/2024/MSR-2024_07.pdf
2024,7,WORCESTER,Democratic,13491,https://elections.maryland.gov/pdf/vrar/2024/MSR-2024_07.pdf
2024,7,ALLEGANY,Republican,22883,https://elections.maryland.gov/pdf/vrar/2024/MSR-2024_07.pdf
2024,7,ANNE ARUNDEL,Republican,128420,https://elections.maryland.gov/pdf/vrar/2024/MSR-2024_07.pdf
2024,7,BALTIMORE CITY,Republican,28566,https://elections.maryland.gov/pdf/vrar/2024/MSR-2024_07.pdf
2024,7,BALTIMORE CO.,Republican,138172,https://elections.maryland.gov/pdf/vrar/2024/MSR-2024_07.pdf
2024,7,CALVERT,Republican,28135,https://elections.maryland.gov/pdf/vrar/2024/MSR-2024_07.pdf
2024,7,CAROLINE,Republican,10752,https://elections.maryland.gov/pdf/vrar/2024/MSR-2024_07.pdf
2024,7,CARROLL,Republican,63736,https://elections.maryland.gov/pdf/vrar/2024/MSR-2024_07.pdf
2024,7,CECIL,Republican,35124,https://elections.maryland.gov/pdf/vrar/2024/MSR-2024_07.pdf
2024,7,CHARLES,Republican,23059,https://elections.maryland.gov/pdf/vrar/2024/MSR-2024_07.pdf
2024,7,DORCHESTER,Republican,9383,https://elections.maryland.gov/pdf/vrar/2024/MSR-2024_07.pdf
2024,7,FREDERICK,Republican,68337,https://elections.maryland.gov/pdf/vrar/2024/MSR-2024_07.pdf
2024,7,GARRETT,Republican,13722,https://elections.maryland.gov/pdf/vrar/2024/MSR-2024_07.pdf
2024,7,HARFORD,Republican,80784,https://elections.maryland.gov/pdf/vrar/2024/MSR-2024_07.pdf
2024,7,HOWARD,Republican,48332,https://elections.maryland.gov/pdf/vrar/2024/MSR-2024_07.pdf
2024,7,KENT,Republican,5347,https://elections.maryland.gov/pdf/vrar/2024/MSR-2024_07.pdf
2024,7,MONTGOMERY,Republican,97741,https://elections.maryland.gov/pdf/vrar/2024/MSR-2024_07.pdf
2024,7,PR. GEORGE'S,Republican,39147,https://elections.maryland.gov/pdf/vrar/2024/MSR-2024_07.pdf
2024,7,QUEEN ANNE'S,Republican,20290,https://elections.maryland.gov/pdf/vrar/2024/MSR-2024_07.pdf
2024,7,ST. MARY'S,Republican,32171,https://elections.maryland.gov/pdf/vrar/2024/MSR-2024_07.pdf
2024,7,SOMERSET,Republican,6192,https://elections.maryland.gov/pdf/vrar/2024/MSR-2024_07.pdf
2024,7,TALBOT,Republican,11585,https://elections.maryland.gov/pdf/vrar/2024/MSR-2024_07.pdf
2024,7,WASHINGTON,Republican,44080,https://elections.maryland.gov/pdf/vrar/2024/MSR-2024_07.pdf
2024,7,WICOMICO,Republican,23998,https://elections.maryland.gov/pdf/vrar/2024/MSR-2024_07.pdf
2024,7,WORCESTER,Republican,19480,https://elections.maryland.gov/pdf/vrar/2024/MSR-2024_07.pdf
2024,7,ALLEGANY,Green,42,https://elections.maryland.gov/pdf/vrar/2024/MSR-2024_07.pdf
2024,7,ANNE ARUNDEL,Green,459,https://elections.maryland.gov/pdf/vrar/2024/MSR-2024_07.pdf
2024,7,BALTIMORE CITY,Green,365,https://elections.maryland.gov/pdf/vrar/2024/MSR-2024_07.pdf
2024,7,BALTIMORE CO.,Green,545,https://elections.maryland.gov/pdf/vrar/2024/MSR-2024_07.pdf
2024,7,CALVERT,Green,64,https://elections.maryland.gov/pdf/vrar/2024/MSR-2024_07.pdf
2024,7,CAROLINE,Green,26,https://elections.maryland.gov/pdf/vrar/2024/MSR-2024_07.pdf
2024,7,CARROLL,Green,105,https://elections.maryland.gov/pdf/vrar/2024/MSR-2024_07.pdf
2024,7,CECIL,Green,96,https://elections.maryland.gov/pdf/vrar/2024/MSR-2024_07.pdf
2024,7,CHARLES,Green,109,https://elections.maryland.gov/pdf/vrar/2024/MSR-2024_07.pdf
2024,7,DORCHESTER,Green,22,https://elections.maryland.gov/pdf/vrar/2024/MSR-2024_07.pdf
2024,7,FREDERICK,Green,197,https://elections.maryland.gov/pdf/vrar/2024/MSR-2024_07.pdf
2024,7,GARRETT,Green,15,https://elections.maryland.gov/pdf/vrar/2024/MSR-2024_07.pdf
2024,7,HARFORD,Green,194,https://elections.maryland.gov/pdf/vrar/2024/MSR-2024_07.pdf
2024,7,HOWARD,Green,227,https://elections.maryland.gov/pdf/vrar/2024/MSR-2024_07.pdf
2024,7,KENT,Green,12,https://elections.maryland.gov/pdf/vrar/2024/MSR-2024_07.pdf
2024,7,MONTGOMERY,Green,614,https://elections.maryland.gov/pdf/vrar/2024/MSR-2024_07.pdf
2024,7,PR. GEORGE'S,Green,607,https://elections.maryland.gov/pdf/vrar/2024/MSR-2024_07.pdf
2024,7,QUEEN ANNE'S,Green,36,https://elections.maryland.gov/pdf/vrar/2024/MSR-2024_07.pdf
2024,7,ST. MARY'S,Green,62,https://elections.maryland.gov/pdf/vrar/2024/MSR-2024_07.pdf
2024,7,SOMERSET,Green,14,https://elections.maryland.gov/pdf/vrar/2024/MSR-2024_07.pdf
2024,7,TALBOT,Green,25,https://elections.maryland.gov/pdf/vrar/2024/MSR-2024_07.pdf
2024,7,WASHINGTON,Green,80,https://elections.maryland.gov/pdf/vrar/2024/MSR-2024_07.pdf
2024,7,WICOMICO,Green,83,https://elections.maryland.gov/pdf/vrar/2024/MSR-2024_07.pdf
2024,7,WORCESTER,Green,40,https://elections.maryland.gov/pdf/vrar/2024/MSR-2024_07.pdf
2024,7,ALLEGANY,Working Class,269,https://elections.maryland.gov/pdf/vrar/2024/MSR-2024_07.pdf
2024,7,ANNE ARUNDEL,Working Class,2507,https://elections.maryland.gov/pdf/vrar/2024/MSR-2024_07.pdf
2024,7,BALTIMORE CITY,Working Class,1204,https://elections.maryland.gov/pdf/vrar/2024/MSR-2024_07.pdf
2024,7,BALTIMORE CO.,Working Class,2702,https://elections.maryland.gov/pdf/vrar/2024/MSR-2024_07.pdf
2024,7,CALVERT,Working Class,454,https://elections.maryland.gov/pdf/vrar/2024/MSR-2024_07.pdf
2024,7,CAROLINE,Working Class,124,https://elections.maryland.gov/pdf/vrar/2024/MSR-2024_07.pdf
2024,7,CARROLL,Working Class,842,https://elections.maryland.gov/pdf/vrar/2024/MSR-2024_07.pdf
2024,7,CECIL,Working Class,480,https://elections.maryland.gov/pdf/vrar/2024/MSR-2024_07.pdf
2024,7,CHARLES,Working Class,445,https://elections.maryland.gov/pdf/vrar/2024/MSR-2024_07.pdf
2024,7,DORCHESTER,Working Class,109,https://elections.maryland.gov/pdf/vrar/2024/MSR-2024_07.pdf
2024,7,FREDERICK,Working Class,1267,https://elections.maryland.gov/pdf/vrar/2024/MSR-2024_07.pdf
2024,7,GARRETT,Working Class,110,https://elections.maryland.gov/pdf/vrar/2024/MSR-2024_07.pdf
2024,7,HARFORD,Working Class,1277,https://elections.maryland.gov/pdf/vrar/2024/MSR-2024_07.pdf
2024,7,HOWARD,Working Class,971,https://elections.maryland.gov/pdf/vrar/2024/MSR-2024_07.pdf
2024,7,KENT,Working Class,71,https://elections.maryland.gov/pdf/vrar/2024/MSR-2024_07.pdf
2024,7,MONTGOMERY,Working Class,2455,https://elections.maryland.gov/pdf/vrar/2024/MSR-2024_07.pdf
2024,7,PR. GEORGE'S,Working Class,1579,https://elections.maryland.gov/pdf/vrar/2024/MSR-2024_07.pdf
2024,7,QUEEN ANNE'S,Working Class,238,https://elections.maryland.gov/pdf/vrar/2024/MSR-2024_07.pdf
2024,7,ST. MARY'S,Working Class,499,https://elections.maryland.gov/pdf/vrar/2024/MSR-2024_07.pdf
2024,7,SOMERSET,Working Class,70,https://elections.maryland.gov/pdf/vrar/2024/MSR-2024_07.pdf
2024,7,TALBOT,Working Class,167,https://elections.maryland.gov/pdf/vrar/2024/MSR-2024_07.pdf
2024,7,WASHINGTON,Working Class,649,https://elections.maryland.gov/pdf/vrar/2024/MSR-2024_07.pdf
2024,7,WICOMICO,Working Class,384,https://elections.maryland.gov/pdf/vrar/2024/MSR-2024_07.pdf
2024,7,WORCESTER,Working Class,238,https://elections.maryland.gov/pdf/vrar/2024/MSR-2024_07.pdf
2024,7,ALLEGANY,Unaffiliated,8820,https://elections.maryland.gov/pdf/vrar/2024/MSR-2024_07.pdf
2024,7,ANNE ARUNDEL,Unaffiliated,103791,https://elections.maryland.gov/pdf/vrar/2024/MSR-2024_07.pdf
2024,7,BALTIMORE CITY,Unaffiliated,62284,https://elections.maryland.gov/pdf/vrar/2024/MSR-2024_07.pdf
2024,7,BALTIMORE CO.,Unaffiliated,118034,https://elections.maryland.gov/pdf/vrar/2024/MSR-2024_07.pdf
2024,7,CALVERT,Unaffiliated,16375,https://elections.maryland.gov/pdf/vrar/2024/MSR-2024_07.pdf
2024,7,CAROLINE,Unaffiliated,4895,https://elections.maryland.gov/pdf/vrar/2024/MSR-2024_07.pdf
2024,7,CARROLL,Unaffiliated,30168,https://elections.maryland.gov/pdf/vrar/2024/MSR-2024_07.pdf
2024,7,CECIL,Unaffiliated,17141,https://elections.maryland.gov/pdf/vrar/2024/MSR-2024_07.pdf
2024,7,CHARLES,Unaffiliated,24567,https://elections.maryland.gov/pdf/vrar/2024/MSR-2024_07.pdf
2024,7,DORCHESTER,Unaffiliated,4276,https://elections.maryland.gov/pdf/vrar/2024/MSR-2024_07.pdf
2024,7,FREDERICK,Unaffiliated,53482,https://elections.maryland.gov/pdf/vrar/2024/MSR-2024_07.pdf
2024,7,GARRETT,Unaffiliated,3035,https://elections.maryland.gov/pdf/vrar/2024/MSR-2024_07.pdf
2024,7,HARFORD,Unaffiliated,44749,https://elections.maryland.gov/pdf/vrar/2024/MSR-2024_07.pdf
2024,7,HOWARD,Unaffiliated,62275,https://elections.maryland.gov/pdf/vrar/2024/MSR-2024_07.pdf
2024,7,KENT,Unaffiliated,2801,https://elections.maryland.gov/pdf/vrar/2024/MSR-2024_07.pdf
2024,7,MONTGOMERY,Unaffiliated,171301,https://elections.maryland.gov/pdf/vrar/2024/MSR-2024_07.pdf
2024,7,PR. GEORGE'S,Unaffiliated,99087,https://elections.maryland.gov/pdf/vrar/2024/MSR-2024_07.pdf
2024,7,QUEEN ANNE'S,Unaffiliated,8880,https://elections.maryland.gov/pdf/vrar/2024/MSR-2024_07.pdf
2024,7,ST. MARY'S,Unaffiliated,17871,https://elections.maryland.gov/pdf/vrar/2024/MSR-2024_07.pdf
2024,7,SOMERSET,Unaffiliated,2545,https://elections.maryland.gov/pdf/vrar/2024/MSR-2024_07.pdf
2024,7,TALBOT,Unaffiliated,5956,https://elections.maryland.gov/pdf/vrar/2024/MSR-2024_07.pdf
2024,7,WASHINGTON,Unaffiliated,23642,https://elections.maryland.gov/pdf/vrar/2024/MSR-2024_07.pdf
2024,7,WICOMICO,Unaffiliated,14915,https://elections.maryland.gov/pdf/vrar/2024/MSR-2024_07.pdf
2024,7,WORCESTER,Unaffiliated,9068,https://elections.maryland.gov/pdf/vrar/2024/MSR-2024_07.pdf
2024,7,ALLEGANY,Other,568,https://elections.maryland.gov/pdf/vrar/2024/MSR-2024_07.pdf
2024,7,ANNE ARUNDEL,Other,4250,https://elections.maryland.gov/pdf/vrar/2024/MSR-2024_07.pdf
2024,7,BALTIMORE CITY,Other,5753,https://elections.maryland.gov/pdf/vrar/2024/MSR-2024_07.pdf
2024,7,BALTIMORE CO.,Other,7756,https://elections.maryland.gov/pdf/vrar/2024/MSR-2024_07.pdf
2024,7,CALVERT,Other,717,https://elections.maryland.gov/pdf/vrar/2024/MSR-2024_07.pdf
2024,7,CAROLINE,Other,253,https://elections.maryland.gov/pdf/vrar/2024/MSR-2024_07.pdf
2024,7,CARROLL,Other,1330,https://elections.maryland.gov/pdf/vrar/2024/MSR-2024_07.pdf
2024,7,CECIL,Other,909,https://elections.maryland.gov/pdf/vrar/2024/MSR-2024_07.pdf
2024,7,CHARLES,Other,2,https://elections.maryland.gov/pdf/vrar/2024/MSR-2024_07.pdf
2024,7,DORCHESTER,Other,262,https://elections.maryland.gov/pdf/vrar/2024/MSR-2024_07.pdf
2024,7,FREDERICK,Other,1722,https://elections.maryland.gov/pdf/vrar/2024/MSR-2024_07.pdf
2024,7,GARRETT,Other,202,https://elections.maryland.gov/pdf/vrar/2024/MSR-2024_07.pdf
2024,7,HARFORD,Other,2216,https://elections.maryland.gov/pdf/vrar/2024/MSR-2024_07.pdf
2024,7,HOWARD,Other,2463,https://elections.maryland.gov/pdf/vrar/2024/MSR-2024_07.pdf
2024,7,KENT,Other,143,https://elections.maryland.gov/pdf/vrar/2024/MSR-2024_07.pdf
2024,7,MONTGOMERY,Other,7125,https://elections.maryland.gov/pdf/vrar/2024/MSR-2024_07.pdf
2024,7,PR. GEORGE'S,Other,12363,https://elections.maryland.gov/pdf/vrar/2024/MSR-2024_07.pdf
2024,7,QUEEN ANNE'S,Other,374,https://elections.maryland.gov/pdf/vrar/2024/MSR-2024_07.pdf
2024,7,ST. MARY'S,Other,815,https://elections.maryland.gov/pdf/vrar/2024/MSR-2024_07.pdf
2024,7,SOMERSET,Other,166,https://elections.maryland.gov/pdf/vrar/2024/MSR-2024_07.pdf
2024,7,TALBOT,Other,273,https://elections.maryland.gov/pdf/vrar/2024/MSR-2024_07.pdf
2024,7,WASHINGTON,Other,1147,https://elections.maryland.gov/pdf/vrar/2024/MSR-2024_07.pdf
2024,7,WICOMICO,Other,885,https://elections.maryland.gov/pdf/vrar/2024/MSR-2024_07.pdf
2024,7,WORCESTER,Other,559,https://elections.maryland.gov/pdf/vrar/2024/MSR-2024_07.pdf
2024,8,ALLEGANY,Democratic,10781,https://elections.maryland.gov/pdf/vrar/2024/MSR-2024_08.pdf
2024,8,ANNE ARUNDEL,Democratic,171916,https://elections.maryland.gov/pdf/vrar/2024/MSR-2024_08.pdf
2024,8,BALTIMORE CITY,Democratic,297712,https://elections.maryland.gov/pdf/vrar/2024/MSR-2024_08.pdf
2024,8,BALTIMORE CO.,Democratic,306442,https://elections.maryland.gov/pdf/vrar/2024/MSR-2024_08.pdf
2024,8,CALVERT,Democratic,23385,https://elections.maryland.gov/pdf/vrar/2024/MSR-2024_08.pdf
2024,8,CAROLINE,Democratic,5967,https://elections.maryland.gov/pdf/vrar/2024/MSR-2024_08.pdf
2024,8,CARROLL,Democratic,33196,https://elections.maryland.gov/pdf/vrar/2024/MSR-2024_08.pdf
2024,8,CECIL,Democratic,18950,https://elections.maryland.gov/pdf/vrar/2024/MSR-2024_08.pdf
2024,8,CHARLES,Democratic,75275,https://elections.maryland.gov/pdf/vrar/2024/MSR-2024_08.pdf
2024,8,DORCHESTER,Democratic,9522,https://elections.maryland.gov/pdf/vrar/2024/MSR-2024_08.pdf
2024,8,FREDERICK,Democratic,78258,https://elections.maryland.gov/pdf/vrar/2024/MSR-2024_08.pdf
2024,8,GARRETT,Democratic,3465,https://elections.maryland.gov/pdf/vrar/2024/MSR-2024_08.pdf
2024,8,HARFORD,Democratic,64238,https://elections.maryland.gov/pdf/vrar/2024/MSR-2024_08.pdf
2024,8,HOWARD,Democratic,122722,https://elections.maryland.gov/pdf/vrar/2024/MSR-2024_08.pdf
2024,8,KENT,Democratic,5709,https://elections.maryland.gov/pdf/vrar/2024/MSR-2024_08.pdf
2024,8,MONTGOMERY,Democratic,403515,https://elections.maryland.gov/pdf/vrar/2024/MSR-2024_08.pdf
2024,8,PR. GEORGE'S,Democratic,454819,https://elections.maryland.gov/pdf/vrar/2024/MSR-2024_08.pdf
2024,8,QUEEN ANNE'S,Democratic,11170,https://elections.maryland.gov/pdf/vrar/2024/MSR-2024_08.pdf
2024,8,ST. MARY'S,Democratic,24632,https://elections.maryland.gov/pdf/vrar/2024/MSR-2024_08.pdf
2024,8,SOMERSET,Democratic,5365,https://elections.maryland.gov/pdf/vrar/2024/MSR-2024_08.pdf
2024,8,TALBOT,Democratic,10488,https://elections.maryland.gov/pdf/vrar/2024/MSR-2024_08.pdf
2024,8,WASHINGTON,Democratic,30430,https://elections.maryland.gov/pdf/vrar/2024/MSR-2024_08.pdf
2024,8,WICOMICO,Democratic,25825,https://elections.maryland.gov/pdf/vrar/2024/MSR-2024_08.pdf
2024,8,WORCESTER,Democratic,13558,https://elections.maryland.gov/pdf/vrar/2024/MSR-2024_08.pdf
2024,8,ALLEGANY,Republican,80,https://elections.maryland.gov/pdf/vrar/2024/MSR-2024_08.pdf
2024,8,ANNE ARUNDEL,Republican,1104,https://elections.maryland.gov/pdf/vrar/2024/MSR-2024_08.pdf
2024,8,BALTIMORE CITY,Republican,1383,https://elections.maryland.gov/pdf/vrar/2024/MSR-2024_08.pdf
2024,8,BALTIMORE CO.,Republican,1503,https://elections.maryland.gov/pdf/vrar/2024/MSR-2024_08.pdf
2024,8,CALVERT,Republican,171,https://elections.maryland.gov/pdf/vrar/2024/MSR-2024_08.pdf
2024,8,CAROLINE,Republican,49,https://elections.maryland.gov/pdf/vrar/2024/MSR-2024_08.pdf
2024,8,CARROLL,Republican,337,https://elections.maryland.gov/pdf/vrar/2024/MSR-2024_08.pdf
2024,8,CECIL,Republican,235,https://elections.maryland.gov/pdf/vrar/2024/MSR-2024_08.pdf
2024,8,CHARLES,Republican,313,https://elections.maryland.gov/pdf/vrar/2024/MSR-2024_08.pdf
2024,8,DORCHESTER,Republican,52,https://elections.maryland.gov/pdf/vrar/2024/MSR-2024_08.pdf
2024,8,FREDERICK,Republican,567,https://elections.maryland.gov/pdf/vrar/2024/MSR-2024_08.pdf
2024,8,GARRETT,Republican,45,https://elections.maryland.gov/pdf/vrar/2024/MSR-2024_08.pdf
2024,8,HARFORD,Republican,534,https://elections.maryland.gov/pdf/vrar/2024/MSR-2024_08.pdf
2024,8,HOWARD,Republican,661,https://elections.maryland.gov/pdf/vrar/2024/MSR-2024_08.pdf
2024,8,KENT,Republican,23,https://elections.maryland.gov/pdf/vrar/2024/MSR-2024_08.pdf
2024,8,MONTGOMERY,Republican,3099,https://elections.maryland.gov/pdf/vrar/2024/MSR-2024_08.pdf
2024,8,PR. GEORGE'S,Republican,1633,https://elections.maryland.gov/pdf/vrar/2024/MSR-2024_08.pdf
2024,8,QUEEN ANNE'S,Republican,92,https://elections.maryland.gov/pdf/vrar/2024/MSR-2024_08.pdf
2024,8,ST. MARY'S,Republican,215,https://elections.maryland.gov/pdf/vrar/2024/MSR-2024_08.pdf
2024,8,SOMERSET,Republican,31,https://elections.maryland.gov/pdf/vrar/2024/MSR-2024_08.pdf
2024,8,TALBOT,Republican,64,https://elections.maryland.gov/pdf/vrar/2024/MSR-2024_08.pdf
2024,8,WASHINGTON,Republican,265,https://elections.maryland.gov/pdf/vrar/2024/MSR-2024_08.pdf
2024,8,WICOMICO,Republican,160,https://elections.maryland.gov/pdf/vrar/2024/MSR-2024_08.pdf
2024,8,WORCESTER,Republican,171,https://elections.maryland.gov/pdf/vrar/2024/MSR-2024_08.pdf
2024,8,ALLEGANY,Green,22917,https://elections.maryland.gov/pdf/vrar/2024/MSR-2024_08.pdf
2024,8,ANNE ARUNDEL,Green,128807,https://elections.maryland.gov/pdf/vrar/2024/MSR-2024_08.pdf
2024,8,BALTIMORE CITY,Green,28872,https://elections.maryland.gov/pdf/vrar/2024/MSR-2024_08.pdf
2024,8,BALTIMORE CO.,Green,138412,https://elections.maryland.gov/pdf/vrar/2024/MSR-2024_08.pdf
2024,8,CALVERT,Green,28247,https://elections.maryland.gov/pdf/vrar/2024/MSR-2024_08.pdf
2024,8,CAROLINE,Green,10798,https://elections.maryland.gov/pdf/vrar/2024/MSR-2024_08.pdf
2024,8,CARROLL,Green,63956,https://elections.maryland.gov/pdf/vrar/2024/MSR-2024_08.pdf
2024,8,CECIL,Green,35048,https://elections.maryland.gov/pdf/vrar/2024/MSR-2024_08.pdf
2024,8,CHARLES,Green,23159,https://elections.maryland.gov/pdf/vrar/2024/MSR-2024_08.pdf
2024,8,DORCHESTER,Green,9429,https://elections.maryland.gov/pdf/vrar/2024/MSR-2024_08.pdf
2024,8,FREDERICK,Green,68595,https://elections.maryland.gov/pdf/vrar/2024/MSR-2024_08.pdf
2024,8,GARRETT,Green,13764,https://elections.maryland.gov/pdf/vrar/2024/MSR-2024_08.pdf
2024,8,HARFORD,Green,81051,https://elections.maryland.gov/pdf/vrar/2024/MSR-2024_08.pdf
2024,8,HOWARD,Green,48448,https://elections.maryland.gov/pdf/vrar/2024/MSR-2024_08.pdf
2024,8,KENT,Green,5361,https://elections.maryland.gov/pdf/vrar/2024/MSR-2024_08.pdf
2024,8,MONTGOMERY,Green,98129,https://elections.maryland.gov/pdf/vrar/2024/MSR-2024_08.pdf
2024,8,PR. GEORGE'S,Green,39452,https://elections.maryland.gov/pdf/vrar/2024/MSR-2024_08.pdf
2024,8,QUEEN ANNE'S,Green,20328,https://elections.maryland.gov/pdf/vrar/2024/MSR-2024_08.pdf
2024,8,ST. MARY'S,Green,32343,https://elections.maryland.gov/pdf/vrar/2024/MSR-2024_08.pdf
2024,8,SOMERSET,Green,6218,https://elections.maryland.gov/pdf/vrar/2024/MSR-2024_08.pdf
2024,8,TALBOT,Green,11602,https://elections.maryland.gov/pdf/vrar/2024/MSR-2024_08.pdf
2024,8,WASHINGTON,Green,44300,https://elections.maryland.gov/pdf/vrar/2024/MSR-2024_08.pdf
2024,8,WICOMICO,Green,24078,https://elections.maryland.gov/pdf/vrar/2024/MSR-2024_08.pdf
2024,8,WORCESTER,Green,19642,https://elections.maryland.gov/pdf/vrar/2024/MSR-2024_08.pdf
2024,8,ALLEGANY,Working Class,50,https://elections.maryland.gov/pdf/vrar/2024/MSR-2024_08.pdf
2024,8,ANNE ARUNDEL,Working Class,558,https://elections.maryland.gov/pdf/vrar/2024/MSR-2024_08.pdf
2024,8,BALTIMORE CITY,Working Class,500,https://elections.maryland.gov/pdf/vrar/2024/MSR-2024_08.pdf
2024,8,BALTIMORE CO.,Working Class,670,https://elections.maryland.gov/pdf/vrar/2024/MSR-2024_08.pdf
2024,8,CALVERT,Working Class,73,https://elections.maryland.gov/pdf/vrar/2024/MSR-2024_08.pdf
2024,8,CAROLINE,Working Class,30,https://elections.maryland.gov/pdf/vrar/2024/MSR-2024_08.pdf
2024,8,CARROLL,Working Class,120,https://elections.maryland.gov/pdf/vrar/2024/MSR-2024_08.pdf
2024,8,CECIL,Working Class,111,https://elections.maryland.gov/pdf/vrar/2024/MSR-2024_08.pdf
2024,8,CHARLES,Working Class,130,https://elections.maryland.gov/pdf/vrar/2024/MSR-2024_08.pdf
2024,8,DORCHESTER,Working Class,25,https://elections.maryland.gov/pdf/vrar/2024/MSR-2024_08.pdf
2024,8,FREDERICK,Working Class,226,https://elections.maryland.gov/pdf/vrar/2024/MSR-2024_08.pdf
2024,8,GARRETT,Working Class,17,https://elections.maryland.gov/pdf/vrar/2024/MSR-2024_08.pdf
2024,8,HARFORD,Working Class,234,https://elections.maryland.gov/pdf/vrar/2024/MSR-2024_08.pdf
2024,8,HOWARD,Working Class,279,https://elections.maryland.gov/pdf/vrar/2024/MSR-2024_08.pdf
2024,8,KENT,Working Class,14,https://elections.maryland.gov/pdf/vrar/2024/MSR-2024_08.pdf
2024,8,MONTGOMERY,Working Class,811,https://elections.maryland.gov/pdf/vrar/2024/MSR-2024_08.pdf
2024,8,PR. GEORGE'S,Working Class,775,https://elections.maryland.gov/pdf/vrar/2024/MSR-2024_08.pdf
2024,8,QUEEN ANNE'S,Working Class,44,https://elections.maryland.gov/pdf/vrar/2024/MSR-2024_08.pdf
2024,8,ST. MARY'S,Working Class,70,https://elections.maryland.gov/pdf/vrar/2024/MSR-2024_08.pdf
2024,8,SOMERSET,Working Class,15,https://elections.maryland.gov/pdf/vrar/2024/MSR-2024_08.pdf
2024,8,TALBOT,Working Class,30,https://elections.maryland.gov/pdf/vrar/2024/MSR-2024_08.pdf
2024,8,WASHINGTON,Working Class,100,https://elections.maryland.gov/pdf/vrar/2024/MSR-2024_08.pdf
2024,8,WICOMICO,Working Class,101,https://elections.maryland.gov/pdf/vrar/2024/MSR-2024_08.pdf
2024,8,WORCESTER,Working Class,49,https://elections.maryland.gov/pdf/vrar/2024/MSR-2024_08.pdf
2024,8,ALLEGANY,Unaffiliated,271,https://elections.maryland.gov/pdf/vrar/2024/MSR-2024_08.pdf
2024,8,ANNE ARUNDEL,Unaffiliated,2519,https://elections.maryland.gov/pdf/vrar/2024/MSR-2024_08.pdf
2024,8,BALTIMORE CITY,Unaffiliated,1243,https://elections.maryland.gov/pdf/vrar/2024/MSR-2024_08.pdf
2024,8,BALTIMORE CO.,Unaffiliated,2701,https://elections.maryland.gov/pdf/vrar/2024/MSR-2024_08.pdf
2024,8,CALVERT,Unaffiliated,456,https://elections.maryland.gov/pdf/vrar/2024/MSR-2024_08.pdf
2024,8,CAROLINE,Unaffiliated,126,https://elections.maryland.gov/pdf/vrar/2024/MSR-2024_08.pdf
2024,8,CARROLL,Unaffiliated,838,https://elections.maryland.gov/pdf/vrar/2024/MSR-2024_08.pdf
2024,8,CECIL,Unaffiliated,482,https://elections.maryland.gov/pdf/vrar/2024/MSR-2024_08.pdf
2024,8,CHARLES,Unaffiliated,447,https://elections.maryland.gov/pdf/vrar/2024/MSR-2024_08.pdf
2024,8,DORCHESTER,Unaffiliated,109,https://elections.maryland.gov/pdf/vrar/2024/MSR-2024_08.pdf
2024,8,FREDERICK,Unaffiliated,1261,https://elections.maryland.gov/pdf/vrar/2024/MSR-2024_08.pdf
2024,8,GARRETT,Unaffiliated,109,https://elections.maryland.gov/pdf/vrar/2024/MSR-2024_08.pdf
2024,8,HARFORD,Unaffiliated,1294,https://elections.maryland.gov/pdf/vrar/2024/MSR-2024_08.pdf
2024,8,HOWARD,Unaffiliated,977,https://elections.maryland.gov/pdf/vrar/2024/MSR-2024_08.pdf
2024,8,KENT,Unaffiliated,73,https://elections.maryland.gov/pdf/vrar/2024/MSR-2024_08.pdf
2024,8,MONTGOMERY,Unaffiliated,2459,https://elections.maryland.gov/pdf/vrar/2024/MSR-2024_08.pdf
2024,8,PR. GEORGE'S,Unaffiliated,1594,https://elections.maryland.gov/pdf/vrar/2024/MSR-2024_08.pdf
2024,8,QUEEN ANNE'S,Unaffiliated,238,https://elections.maryland.gov/pdf/vrar/2024/MSR-2024_08.pdf
2024,8,ST. MARY'S,Unaffiliated,502,https://elections.maryland.gov/pdf/vrar/2024/MSR-2024_08.pdf
2024,8,SOMERSET,Unaffiliated,73,https://elections.maryland.gov/pdf/vrar/2024/MSR-2024_08.pdf
2024,8,TALBOT,Unaffiliated,168,https://elections.maryland.gov/pdf/vrar/2024/MSR-2024_08.pdf
2024,8,WASHINGTON,Unaffiliated,655,https://elections.maryland.gov/pdf/vrar/2024/MSR-2024_08.pdf
2024,8,WICOMICO,Unaffiliated,383,https://elections.maryland.gov/pdf/vrar/2024/MSR-2024_08.pdf
2024,8,WORCESTER,Unaffiliated,247,https://elections.maryland.gov/pdf/vrar/2024/MSR-2024_08.pdf
2024,8,ALLEGANY,Other,55,https://elections.maryland.gov/pdf/vrar/2024/MSR-2024_08.pdf
2024,8,ANNE ARUNDEL,Other,452,https://elections.maryland.gov/pdf/vrar/2024/MSR-2024_08.pdf
2024,8,BALTIMORE CITY,Other,676,https://elections.maryland.gov/pdf/vrar/2024/MSR-2024_08.pdf
2024,8,BALTIMORE CO.,Other,656,https://elections.maryland.gov/pdf/vrar/2024/MSR-2024_08.pdf
2024,8,CALVERT,Other,67,https://elections.maryland.gov/pdf/vrar/2024/MSR-2024_08.pdf
2024,8,CAROLINE,Other,25,https://elections.maryland.gov/pdf/vrar/2024/MSR-2024_08.pdf
2024,8,CARROLL,Other,134,https://elections.maryland.gov/pdf/vrar/2024/MSR-2024_08.pdf
2024,8,CECIL,Other,72,https://elections.maryland.gov/pdf/vrar/2024/MSR-2024_08.pdf
2024,8,CHARLES,Other,103,https://elections.maryland.gov/pdf/vrar/2024/MSR-2024_08.pdf
2024,8,DORCHESTER,Other,15,https://elections.maryland.gov/pdf/vrar/2024/MSR-2024_08.pdf
2024,8,FREDERICK,Other,222,https://elections.maryland.gov/pdf/vrar/2024/MSR-2024_08.pdf
2024,8,GARRETT,Other,19,https://elections.maryland.gov/pdf/vrar/2024/MSR-2024_08.pdf
2024,8,HARFORD,Other,158,https://elections.maryland.gov/pdf/vrar/2024/MSR-2024_08.pdf
2024,8,HOWARD,Other,236,https://elections.maryland.gov/pdf/vrar/2024/MSR-2024_08.pdf
2024,8,KENT,Other,16,https://elections.maryland.gov/pdf/vrar/2024/MSR-2024_08.pdf
2024,8,MONTGOMERY,Other,765,https://elections.maryland.gov/pdf/vrar/2024/MSR-2024_08.pdf
2024,8,PR. GEORGE'S,Other,599,https://elections.maryland.gov/pdf/vrar/2024/MSR-2024_08.pdf
2024,8,QUEEN ANNE'S,Other,36,https://elections.maryland.gov/pdf/vrar/2024/MSR-2024_08.pdf
2024,8,ST. MARY'S,Other,63,https://elections.maryland.gov/pdf/vrar/2024/MSR-2024_08.pdf
2024,8,SOMERSET,Other,15,https://elections.maryland.gov/pdf/vrar/2024/MSR-2024_08.pdf
2024,8,TALBOT,Other,22,https://elections.maryland.gov/pdf/vrar/2024/MSR-2024_08.pdf
2024,8,WASHINGTON,Other,123,https://elections.maryland.gov/pdf/vrar/2024/MSR-2024_08.pdf
2024,8,WICOMICO,Other,59,https://elections.maryland.gov/pdf/vrar/2024/MSR-2024_08.pdf
2024,8,WORCESTER,Other,42,https://elections.maryland.gov/pdf/vrar/2024/MSR-2024_08.pdf
2024,9,ALLEGANY,Democratic,10849,https://elections.maryland.gov/pdf/vrar/2024/MSR-2024_09.pdf
2024,9,ANNE ARUNDEL,Democratic,173216,https://elections.maryland.gov/pdf/vrar/2024/MSR-2024_09.pdf
2024,9,BALTIMORE CITY,Democratic,299106,https://elections.maryland.gov/pdf/vrar/2024/MSR-2024_09.pdf
2024,9,BALTIMORE CO.,Democratic,308041,https://elections.maryland.gov/pdf/vrar/2024/MSR-2024_09.pdf
2024,9,CALVERT,Democratic,23522,https://elections.maryland.gov/pdf/vrar/2024/MSR-2024_09.pdf
2024,9,CAROLINE,Democratic,5994,https://elections.maryland.gov/pdf/vrar/2024/MSR-2024_09.pdf
2024,9,CARROLL,Democratic,33301,https://elections.maryland.gov/pdf/vrar/2024/MSR-2024_09.pdf
2024,9,CECIL,Democratic,19053,https://elections.maryland.gov/pdf/vrar/2024/MSR-2024_09.pdf
2024,9,CHARLES,Democratic,75729,https://elections.maryland.gov/pdf/vrar/2024/MSR-2024_09.pdf
2024,9,DORCHESTER,Democratic,9574,https://elections.maryland.gov/pdf/vrar/2024/MSR-2024_09.pdf
2024,9,FREDERICK,Democratic,78789,https://elections.maryland.gov/pdf/vrar/2024/MSR-2024_09.pdf
2024,9,GARRETT,Democratic,3475,https://elections.maryland.gov/pdf/vrar/2024/MSR-2024_09.pdf
2024,9,HARFORD,Democratic,64575,https://elections.maryland.gov/pdf/vrar/2024/MSR-2024_09.pdf
2024,9,HOWARD,Democratic,123368,https://elections.maryland.gov/pdf/vrar/2024/MSR-2024_09.pdf
2024,9,KENT,Democratic,5721,https://elections.maryland.gov/pdf/vrar/2024/MSR-2024_09.pdf
2024,9,MONTGOMERY,Democratic,406004,https://elections.maryland.gov/pdf/vrar/2024/MSR-2024_09.pdf
2024,9,PR. GEORGE'S,Democratic,456887,https://elections.maryland.gov/pdf/vrar/2024/MSR-2024_09.pdf
2024,9,QUEEN ANNE'S,Democratic,11246,https://elections.maryland.gov/pdf/vrar/2024/MSR-2024_09.pdf
2024,9,ST. MARY'S,Democratic,24788,https://elections.maryland.gov/pdf/vrar/2024/MSR-2024_09.pdf
2024,9,SOMERSET,Democratic,5365,https://elections.maryland.gov/pdf/vrar/2024/MSR-2024_09.pdf
2024,9,TALBOT,Democratic,10562,https://elections.maryland.gov/pdf/vrar/2024/MSR-2024_09.pdf
2024,9,WASHINGTON,Democratic,30648,https://elections.maryland.gov/pdf/vrar/2024/MSR-2024_09.pdf
2024,9,WICOMICO,Democratic,25950,https://elections.maryland.gov/pdf/vrar/2024/MSR-2024_09.pdf
2024,9,WORCESTER,Democratic,13654,https://elections.maryland.gov/pdf/vrar/2024/MSR-2024_09.pdf
2024,9,ALLEGANY,Republican,157,https://elections.maryland.gov/pdf/vrar/2024/MSR-2024_09.pdf
2024,9,ANNE ARUNDEL,Republican,1821,https://elections.maryland.gov/pdf/vrar/2024/MSR-2024_09.pdf
2024,9,BALTIMORE CITY,Republican,1411,https://elections.maryland.gov/pdf/vrar/2024/MSR-2024_09.pdf
2024,9,BALTIMORE CO.,Republican,2392,https://elections.maryland.gov/pdf/vrar/2024/MSR-2024_09.pdf
2024,9,CALVERT,Republican,253,https://elections.maryland.gov/pdf/vrar/2024/MSR-2024_09.pdf
2024,9,CAROLINE,Republican,64,https://elections.maryland.gov/pdf/vrar/2024/MSR-2024_09.pdf
2024,9,CARROLL,Republican,390,https://elections.maryland.gov/pdf/vrar/2024/MSR-2024_09.pdf
2024,9,CECIL,Republican,296,https://elections.maryland.gov/pdf/vrar/2024/MSR-2024_09.pdf
2024,9,CHARLES,Republican,459,https://elections.maryland.gov/pdf/vrar/2024/MSR-2024_09.pdf
2024,9,DORCHESTER,Republican,75,https://elections.maryland.gov/pdf/vrar/2024/MSR-2024_09.pdf
2024,9,FREDERICK,Republican,764,https://elections.maryland.gov/pdf/vrar/2024/MSR-2024_09.pdf
2024,9,GARRETT,Republican,51,https://elections.maryland.gov/pdf/vrar/2024/MSR-2024_09.pdf
2024,9,HARFORD,Republican,700,https://elections.maryland.gov/pdf/vrar/2024/MSR-2024_09.pdf
2024,9,HOWARD,Republican,1063,https://elections.maryland.gov/pdf/vrar/2024/MSR-2024_09.pdf
2024,9,KENT,Republican,37,https://elections.maryland.gov/pdf/vrar/2024/MSR-2024_09.pdf
2024,9,MONTGOMERY,Republican,3125,https://elections.maryland.gov/pdf/vrar/2024/MSR-2024_09.pdf
2024,9,PR. GEORGE'S,Republican,2900,https://elections.maryland.gov/pdf/vrar/2024/MSR-2024_09.pdf
2024,9,QUEEN ANNE'S,Republican,148,https://elections.maryland.gov/pdf/vrar/2024/MSR-2024_09.pdf
2024,9,ST. MARY'S,Republican,271,https://elections.maryland.gov/pdf/vrar/2024/MSR-2024_09.pdf
2024,9,SOMERSET,Republican,42,https://elections.maryland.gov/pdf/vrar/2024/MSR-2024_09.pdf
2024,9,TALBOT,Republican,97,https://elections.maryland.gov/pdf/vrar/2024/MSR-2024_09.pdf
2024,9,WASHINGTON,Republican,377,https://elections.maryland.gov/pdf/vrar/2024/MSR-2024_09.pdf
2024,9,WICOMICO,Republican,234,https://elections.maryland.gov/pdf/vrar/2024/MSR-2024_09.pdf
2024,9,WORCESTER,Republican,174,https://elections.maryland.gov/pdf/vrar/2024/MSR-2024_09.pdf
2024,9,ALLEGANY,Green,23052,https://elections.maryland.gov/pdf/vrar/2024/MSR-2024_09.pdf
2024,9,ANNE ARUNDEL,Green,129562,https://elections.maryland.gov/pdf/vrar/2024/MSR-2024_09.pdf
2024,9,BALTIMORE CITY,Green,29102,https://elections.maryland.gov/pdf/vrar/2024/MSR-2024_09.pdf
2024,9,BALTIMORE CO.,Green,139338,https://elections.maryland.gov/pdf/vrar/2024/MSR-2024_09.pdf
2024,9,CALVERT,Green,28461,https://elections.maryland.gov/pdf/vrar/2024/MSR-2024_09.pdf
2024,9,CAROLINE,Green,10891,https://elections.maryland.gov/pdf/vrar/2024/MSR-2024_09.pdf
2024,9,CARROLL,Green,64209,https://elections.maryland.gov/pdf/vrar/2024/MSR-2024_09.pdf
2024,9,CECIL,Green,35255,https://elections.maryland.gov/pdf/vrar/2024/MSR-2024_09.pdf
2024,9,CHARLES,Green,23318,https://elections.maryland.gov/pdf/vrar/2024/MSR-2024_09.pdf
2024,9,DORCHESTER,Green,9482,https://elections.maryland.gov/pdf/vrar/2024/MSR-2024_09.pdf
2024,9,FREDERICK,Green,68925,https://elections.maryland.gov/pdf/vrar/2024/MSR-2024_09.pdf
2024,9,GARRETT,Green,13859,https://elections.maryland.gov/pdf/vrar/2024/MSR-2024_09.pdf
2024,9,HARFORD,Green,81530,https://elections.maryland.gov/pdf/vrar/2024/MSR-2024_09.pdf
2024,9,HOWARD,Green,48580,https://elections.maryland.gov/pdf/vrar/2024/MSR-2024_09.pdf
2024,9,KENT,Green,5393,https://elections.maryland.gov/pdf/vrar/2024/MSR-2024_09.pdf
2024,9,MONTGOMERY,Green,98743,https://elections.maryland.gov/pdf/vrar/2024/MSR-2024_09.pdf
2024,9,PR. GEORGE'S,Green,39974,https://elections.maryland.gov/pdf/vrar/2024/MSR-2024_09.pdf
2024,9,QUEEN ANNE'S,Green,20442,https://elections.maryland.gov/pdf/vrar/2024/MSR-2024_09.pdf
2024,9,ST. MARY'S,Green,32618,https://elections.maryland.gov/pdf/vrar/2024/MSR-2024_09.pdf
2024,9,SOMERSET,Green,6256,https://elections.maryland.gov/pdf/vrar/2024/MSR-2024_09.pdf
2024,9,TALBOT,Green,11652,https://elections.maryland.gov/pdf/vrar/2024/MSR-2024_09.pdf
2024,9,WASHINGTON,Green,44628,https://elections.maryland.gov/pdf/vrar/2024/MSR-2024_09.pdf
2024,9,WICOMICO,Green,24234,https://elections.maryland.gov/pdf/vrar/2024/MSR-2024_09.pdf
2024,9,WORCESTER,Green,19819,https://elections.maryland.gov/pdf/vrar/2024/MSR-2024_09.pdf
2024,9,ALLEGANY,Working Class,62,https://elections.maryland.gov/pdf/vrar/2024/MSR-2024_09.pdf
2024,9,ANNE ARUNDEL,Working Class,678,https://elections.maryland.gov/pdf/vrar/2024/MSR-2024_09.pdf
2024,9,BALTIMORE CITY,Working Class,622,https://elections.maryland.gov/pdf/vrar/2024/MSR-2024_09.pdf
2024,9,BALTIMORE CO.,Working Class,835,https://elections.maryland.gov/pdf/vrar/2024/MSR-2024_09.pdf
2024,9,CALVERT,Working Class,94,https://elections.maryland.gov/pdf/vrar/2024/MSR-2024_09.pdf
2024,9,CAROLINE,Working Class,40,https://elections.maryland.gov/pdf/vrar/2024/MSR-2024_09.pdf
2024,9,CARROLL,Working Class,136,https://elections.maryland.gov/pdf/vrar/2024/MSR-2024_09.pdf
2024,9,CECIL,Working Class,127,https://elections.maryland.gov/pdf/vrar/2024/MSR-2024_09.pdf
2024,9,CHARLES,Working Class,155,https://elections.maryland.gov/pdf/vrar/2024/MSR-2024_09.pdf
2024,9,DORCHESTER,Working Class,33,https://elections.maryland.gov/pdf/vrar/2024/MSR-2024_09.pdf
2024,9,FREDERICK,Working Class,266,https://elections.maryland.gov/pdf/vrar/2024/MSR-2024_09.pdf
2024,9,GARRETT,Working Class,22,https://elections.maryland.gov/pdf/vrar/2024/MSR-2024_09.pdf
2024,9,HARFORD,Working Class,277,https://elections.maryland.gov/pdf/vrar/2024/MSR-2024_09.pdf
2024,9,HOWARD,Working Class,344,https://elections.maryland.gov/pdf/vrar/2024/MSR-2024_09.pdf
2024,9,KENT,Working Class,20,https://elections.maryland.gov/pdf/vrar/2024/MSR-2024_09.pdf
2024,9,MONTGOMERY,Working Class,992,https://elections.maryland.gov/pdf/vrar/2024/MSR-2024_09.pdf
2024,9,PR. GEORGE'S,Working Class,956,https://elections.maryland.gov/pdf/vrar/2024/MSR-2024_09.pdf
2024,9,QUEEN ANNE'S,Working Class,52,https://elections.maryland.gov/pdf/vrar/2024/MSR-2024_09.pdf
2024,9,ST. MARY'S,Working Class,95,https://elections.maryland.gov/pdf/vrar/2024/MSR-2024_09.pdf
2024,9,SOMERSET,Working Class,18,https://elections.maryland.gov/pdf/vrar/2024/MSR-2024_09.pdf
2024,9,TALBOT,Working Class,37,https://elections.maryland.gov/pdf/vrar/2024/MSR-2024_09.pdf
2024,9,WASHINGTON,Working Class,135,https://elections.maryland.gov/pdf/vrar/2024/MSR-2024_09.pdf
2024,9,WICOMICO,Working Class,115,https://elections.maryland.gov/pdf/vrar/2024/MSR-2024_09.pdf
2024,9,WORCESTER,Working Class,55,https://elections.maryland.gov/pdf/vrar/2024/MSR-2024_09.pdf
2024,9,ALLEGANY,Unaffiliated,272,https://elections.maryland.gov/pdf/vrar/2024/MSR-2024_09.pdf
2024,9,ANNE ARUNDEL,Unaffiliated,2538,https://elections.maryland.gov/pdf/vrar/2024/MSR-2024_09.pdf
2024,9,BALTIMORE CITY,Unaffiliated,1263,https://elections.maryland.gov/pdf/vrar/2024/MSR-2024_09.pdf
2024,9,BALTIMORE CO.,Unaffiliated,2710,https://elections.maryland.gov/pdf/vrar/2024/MSR-2024_09.pdf
2024,9,CALVERT,Unaffiliated,460,https://elections.maryland.gov/pdf/vrar/2024/MSR-2024_09.pdf
2024,9,CAROLINE,Unaffiliated,129,https://elections.maryland.gov/pdf/vrar/2024/MSR-2024_09.pdf
2024,9,CARROLL,Unaffiliated,845,https://elections.maryland.gov/pdf/vrar/2024/MSR-2024_09.pdf
2024,9,CECIL,Unaffiliated,485,https://elections.maryland.gov/pdf/vrar/2024/MSR-2024_09.pdf
2024,9,CHARLES,Unaffiliated,454,https://elections.maryland.gov/pdf/vrar/2024/MSR-2024_09.pdf
2024,9,DORCHESTER,Unaffiliated,112,https://elections.maryland.gov/pdf/vrar/2024/MSR-2024_09.pdf
2024,9,FREDERICK,Unaffiliated,1270,https://elections.maryland.gov/pdf/vrar/2024/MSR-2024_09.pdf
2024,9,GARRETT,Unaffiliated,111,https://elections.maryland.gov/pdf/vrar/2024/MSR-2024_09.pdf
2024,9,HARFORD,Unaffiliated,1295,https://elections.maryland.gov/pdf/vrar/2024/MSR-2024_09.pdf
2024,9,HOWARD,Unaffiliated,976,https://elections.maryland.gov/pdf/vrar/2024/MSR-2024_09.pdf
2024,9,KENT,Unaffiliated,73,https://elections.maryland.gov/pdf/vrar/2024/MSR-2024_09.pdf
2024,9,MONTGOMERY,Unaffiliated,2486,https://elections.maryland.gov/pdf/vrar/2024/MSR-2024_09.pdf
2024,9,PR. GEORGE'S,Unaffiliated,1645,https://elections.maryland.gov/pdf/vrar/2024/MSR-2024_09.pdf
2024,9,QUEEN ANNE'S,Unaffiliated,238,https://elections.maryland.gov/pdf/vrar/2024/MSR-2024_09.pdf
2024,9,ST. MARY'S,Unaffiliated,513,https://elections.maryland.gov/pdf/vrar/2024/MSR-2024_09.pdf
2024,9,SOMERSET,Unaffiliated,76,https://elections.maryland.gov/pdf/vrar/2024/MSR-2024_09.pdf
2024,9,TALBOT,Unaffiliated,175,https://elections.maryland.gov/pdf/vrar/2024/MSR-2024_09.pdf
2024,9,WASHINGTON,Unaffiliated,661,https://elections.maryland.gov/pdf/vrar/2024/MSR-2024_09.pdf
2024,9,WICOMICO,Unaffiliated,389,https://elections.maryland.gov/pdf/vrar/2024/MSR-2024_09.pdf
2024,9,WORCESTER,Unaffiliated,247,https://elections.maryland.gov/pdf/vrar/2024/MSR-2024_09.pdf
2024,9,ALLEGANY,Other,54,https://elections.maryland.gov/pdf/vrar/2024/MSR-2024_09.pdf
2024,9,ANNE ARUNDEL,Other,455,https://elections.maryland.gov/pdf/vrar/2024/MSR-2024_09.pdf
2024,9,BALTIMORE CITY,Other,701,https://elections.maryland.gov/pdf/vrar/2024/MSR-2024_09.pdf
2024,9,BALTIMORE CO.,Other,675,https://elections.maryland.gov/pdf/vrar/2024/MSR-2024_09.pdf
2024,9,CALVERT,Other,67,https://elections.maryland.gov/pdf/vrar/2024/MSR-2024_09.pdf
2024,9,CAROLINE,Other,25,https://elections.maryland.gov/pdf/vrar/2024/MSR-2024_09.pdf
2024,9,CARROLL,Other,132,https://elections.maryland.gov/pdf/vrar/2024/MSR-2024_09.pdf
2024,9,CECIL,Other,72,https://elections.maryland.gov/pdf/vrar/2024/MSR-2024_09.pdf
2024,9,CHARLES,Other,103,https://elections.maryland.gov/pdf/vrar/2024/MSR-2024_09.pdf
2024,9,DORCHESTER,Other,15,https://elections.maryland.gov/pdf/vrar/2024/MSR-2024_09.pdf
2024,9,FREDERICK,Other,224,https://elections.maryland.gov/pdf/vrar/2024/MSR-2024_09.pdf
2024,9,GARRETT,Other,20,https://elections.maryland.gov/pdf/vrar/2024/MSR-2024_09.pdf
2024,9,HARFORD,Other,158,https://elections.maryland.gov/pdf/vrar/2024/MSR-2024_09.pdf
2024,9,HOWARD,Other,244,https://elections.maryland.gov/pdf/vrar/2024/MSR-2024_09.pdf
2024,9,KENT,Other,16,https://elections.maryland.gov/pdf/vrar/2024/MSR-2024_09.pdf
2024,9,MONTGOMERY,Other,783,https://elections.maryland.gov/pdf/vrar/2024/MSR-2024_09.pdf
2024,9,PR. GEORGE'S,Other,612,https://elections.maryland.gov/pdf/vrar/2024/MSR-2024_09.pdf
2024,9,QUEEN ANNE'S,Other,40,https://elections.maryland.gov/pdf/vrar/2024/MSR-2024_09.pdf
2024,9,ST. MARY'S,Other,64,https://elections.maryland.gov/pdf/vrar/2024/MSR-2024_09.pdf
2024,9,SOMERSET,Other,16,https://elections.maryland.gov/pdf/vrar/2024/MSR-2024_09.pdf
2024,9,TALBOT,Other,24,https://elections.maryland.gov/pdf/vrar/2024/MSR-2024_09.pdf
2024,9,WASHINGTON,Other,128,https://elections.maryland.gov/pdf/vrar/2024/MSR-2024_09.pdf
2024,9,WICOMICO,Other,63,https://elections.maryland.gov/pdf/vrar/2024/MSR-2024_09.pdf
2024,9,WORCESTER,Other,41,https://elections.maryland.gov/pdf/vrar/2024/MSR-2024_09.pdf
2024,10,ALLEGANY,Democratic,10907,https://elections.maryland.gov/pdf/vrar/2024/MSR-2024_10.pdf
2024,10,ANNE ARUNDEL,Democratic,174740,https://elections.maryland.gov/pdf/vrar/2024/MSR-2024_10.pdf
2024,10,BALTIMORE CITY,Democratic,301169,https://elections.maryland.gov/pdf/vrar/2024/MSR-2024_10.pdf
2024,10,BALTIMORE CO.,Democratic,309642,https://elections.maryland.gov/pdf/vrar/2024/MSR-2024_10.pdf
2024,10,CALVERT,Democratic,23698,https://elections.maryland.gov/pdf/vrar/2024/MSR-2024_10.pdf
2024,10,CAROLINE,Democratic,5998,https://elections.maryland.gov/pdf/vrar/2024/MSR-2024_10.pdf
2024,10,CARROLL,Democratic,33450,https://elections.maryland.gov/pdf/vrar/2024/MSR-2024_10.pdf
2024,10,CECIL,Democratic,19225,https://elections.maryland.gov/pdf/vrar/2024/MSR-2024_10.pdf
2024,10,CHARLES,Democratic,76235,https://elections.maryland.gov/pdf/vrar/2024/MSR-2024_10.pdf
2024,10,DORCHESTER,Democratic,9627,https://elections.maryland.gov/pdf/vrar/2024/MSR-2024_10.pdf
2024,10,FREDERICK,Democratic,79406,https://elections.maryland.gov/pdf/vrar/2024/MSR-2024_10.pdf
2024,10,GARRETT,Democratic,3478,https://elections.maryland.gov/pdf/vrar/2024/MSR-2024_10.pdf
2024,10,HARFORD,Democratic,64869,https://elections.maryland.gov/pdf/vrar/2024/MSR-2024_10.pdf
2024,10,HOWARD,Democratic,124288,https://elections.maryland.gov/pdf/vrar/2024/MSR-2024_10.pdf
2024,10,KENT,Democratic,5756,https://elections.maryland.gov/pdf/vrar/2024/MSR-2024_10.pdf
2024,10,MONTGOMERY,Democratic,410090,https://elections.maryland.gov/pdf/vrar/2024/MSR-2024_10.pdf
2024,10,PR. GEORGE'S,Democratic,459608,https://elections.maryland.gov/pdf/vrar/2024/MSR-2024_10.pdf
2024,10,QUEEN ANNE'S,Democratic,11265,https://elections.maryland.gov/pdf/vrar/2024/MSR-2024_10.pdf
2024,10,ST. MARY'S,Democratic,25107,https://elections.maryland.gov/pdf/vrar/2024/MSR-2024_10.pdf
2024,10,SOMERSET,Democratic,5374,https://elections.maryland.gov/pdf/vrar/2024/MSR-2024_10.pdf
2024,10,TALBOT,Democratic,10633,https://elections.maryland.gov/pdf/vrar/2024/MSR-2024_10.pdf
2024,10,WASHINGTON,Democratic,30869,https://elections.maryland.gov/pdf/vrar/2024/MSR-2024_10.pdf
2024,10,WICOMICO,Democratic,26175,https://elections.maryland.gov/pdf/vrar/2024/MSR-2024_10.pdf
2024,10,WORCESTER,Democratic,13714,https://elections.maryland.gov/pdf/vrar/2024/MSR-2024_10.pdf
2024,10,ALLEGANY,Republican,120,https://elections.maryland.gov/pdf/vrar/2024/MSR-2024_10.pdf
2024,10,ANNE ARUNDEL,Republican,1630,https://elections.maryland.gov/pdf/vrar/2024/MSR-2024_10.pdf
2024,10,BALTIMORE CITY,Republican,1313,https://elections.maryland.gov/pdf/vrar/2024/MSR-2024_10.pdf
2024,10,BALTIMORE CO.,Republican,2325,https://elections.maryland.gov/pdf/vrar/2024/MSR-2024_10.pdf
2024,10,CALVERT,Republican,249,https://elections.maryland.gov/pdf/vrar/2024/MSR-2024_10.pdf
2024,10,CAROLINE,Republican,75,https://elections.maryland.gov/pdf/vrar/2024/MSR-2024_10.pdf
2024,10,CARROLL,Republican,378,https://elections.maryland.gov/pdf/vrar/2024/MSR-2024_10.pdf
2024,10,CECIL,Republican,311,https://elections.maryland.gov/pdf/vrar/2024/MSR-2024_10.pdf
2024,10,CHARLES,Republican,405,https://elections.maryland.gov/pdf/vrar/2024/MSR-2024_10.pdf
2024,10,DORCHESTER,Republican,62,https://elections.maryland.gov/pdf/vrar/2024/MSR-2024_10.pdf
2024,10,FREDERICK,Republican,810,https://elections.maryland.gov/pdf/vrar/2024/MSR-2024_10.pdf
2024,10,GARRETT,Republican,50,https://elections.maryland.gov/pdf/vrar/2024/MSR-2024_10.pdf
2024,10,HARFORD,Republican,708,https://elections.maryland.gov/pdf/vrar/2024/MSR-2024_10.pdf
2024,10,HOWARD,Republican,1051,https://elections.maryland.gov/pdf/vrar/2024/MSR-2024_10.pdf
2024,10,KENT,Republican,56,https://elections.maryland.gov/pdf/vrar/2024/MSR-2024_10.pdf
2024,10,MONTGOMERY,Republican,4615,https://elections.maryland.gov/pdf/vrar/2024/MSR-2024_10.pdf
2024,10,PR. GEORGE'S,Republican,2361,https://elections.maryland.gov/pdf/vrar/2024/MSR-2024_10.pdf
2024,10,QUEEN ANNE'S,Republican,109,https://elections.maryland.gov/pdf/vrar/2024/MSR-2024_10.pdf
2024,10,ST. MARY'S,Republican,272,https://elections.maryland.gov/pdf/vrar/2024/MSR-2024_10.pdf
2024,10,SOMERSET,Republican,30,https://elections.maryland.gov/pdf/vrar/2024/MSR-2024_10.pdf
2024,10,TALBOT,Republican,89,https://elections.maryland.gov/pdf/vrar/2024/MSR-2024_10.pdf
2024,10,WASHINGTON,Republican,307,https://elections.maryland.gov/pdf/vrar/2024/MSR-2024_10.pdf
2024,10,WICOMICO,Republican,257,https://elections.maryland.gov/pdf/vrar/2024/MSR-2024_10.pdf
2024,10,WORCESTER,Republican,131,https://elections.maryland.gov/pdf/vrar/2024/MSR-2024_10.pdf
2024,10,ALLEGANY,Green,23301,https://elections.maryland.gov/pdf/vrar/2024/MSR-2024_10.pdf
2024,10,ANNE ARUNDEL,Green,130719,https://elections.maryland.gov/pdf/vrar/2024/MSR-2024_10.pdf
2024,10,BALTIMORE CITY,Green,29470,https://elections.maryland.gov/pdf/vrar/2024/MSR-2024_10.pdf
2024,10,BALTIMORE CO.,Green,140636,https://elections.maryland.gov/pdf/vrar/2024/MSR-2024_10.pdf
2024,10,CALVERT,Green,28750,https://elections.maryland.gov/pdf/vrar/2024/MSR-2024_10.pdf
2024,10,CAROLINE,Green,10981,https://elections.maryland.gov/pdf/vrar/2024/MSR-2024_10.pdf
2024,10,CARROLL,Green,64648,https://elections.maryland.gov/pdf/vrar/2024/MSR-2024_10.pdf
2024,10,CECIL,Green,35526,https://elections.maryland.gov/pdf/vrar/2024/MSR-2024_10.pdf
2024,10,CHARLES,Green,23640,https://elections.maryland.gov/pdf/vrar/2024/MSR-2024_10.pdf
2024,10,DORCHESTER,Green,9564,https://elections.maryland.gov/pdf/vrar/2024/MSR-2024_10.pdf
2024,10,FREDERICK,Green,69543,https://elections.maryland.gov/pdf/vrar/2024/MSR-2024_10.pdf
2024,10,GARRETT,Green,13993,https://elections.maryland.gov/pdf/vrar/2024/MSR-2024_10.pdf
2024,10,HARFORD,Green,82006,https://elections.maryland.gov/pdf/vrar/2024/MSR-2024_10.pdf
2024,10,HOWARD,Green,48942,https://elections.maryland.gov/pdf/vrar/2024/MSR-2024_10.pdf
2024,10,KENT,Green,5459,https://elections.maryland.gov/pdf/vrar/2024/MSR-2024_10.pdf
2024,10,MONTGOMERY,Green,100358,https://elections.maryland.gov/pdf/vrar/2024/MSR-2024_10.pdf
2024,10,PR. GEORGE'S,Green,40765,https://elections.maryland.gov/pdf/vrar/2024/MSR-2024_10.pdf
2024,10,QUEEN ANNE'S,Green,20593,https://elections.maryland.gov/pdf/vrar/2024/MSR-2024_10.pdf
2024,10,ST. MARY'S,Green,33146,https://elections.maryland.gov/pdf/vrar/2024/MSR-2024_10.pdf
2024,10,SOMERSET,Green,6279,https://elections.maryland.gov/pdf/vrar/2024/MSR-2024_10.pdf
2024,10,TALBOT,Green,11728,https://elections.maryland.gov/pdf/vrar/2024/MSR-2024_10.pdf
2024,10,WASHINGTON,Green,45118,https://elections.maryland.gov/pdf/vrar/2024/MSR-2024_10.pdf
2024,10,WICOMICO,Green,24553,https://elections.maryland.gov/pdf/vrar/2024/MSR-2024_10.pdf
2024,10,WORCESTER,Green,19977,https://elections.maryland.gov/pdf/vrar/2024/MSR-2024_10.pdf
2024,10,ALLEGANY,Working Class,67,https://elections.maryland.gov/pdf/vrar/2024/MSR-2024_10.pdf
2024,10,ANNE ARUNDEL,Working Class,802,https://elections.maryland.gov/pdf/vrar/2024/MSR-2024_10.pdf
2024,10,BALTIMORE CITY,Working Class,758,https://elections.maryland.gov/pdf/vrar/2024/MSR-2024_10.pdf
2024,10,BALTIMORE CO.,Working Class,979,https://elections.maryland.gov/pdf/vrar/2024/MSR-2024_10.pdf
2024,10,CALVERT,Working Class,112,https://elections.maryland.gov/pdf/vrar/2024/MSR-2024_10.pdf
2024,10,CAROLINE,Working Class,44,https://elections.maryland.gov/pdf/vrar/2024/MSR-2024_10.pdf
2024,10,CARROLL,Working Class,145,https://elections.maryland.gov/pdf/vrar/2024/MSR-2024_10.pdf
2024,10,CECIL,Working Class,145,https://elections.maryland.gov/pdf/vrar/2024/MSR-2024_10.pdf
2024,10,CHARLES,Working Class,185,https://elections.maryland.gov/pdf/vrar/2024/MSR-2024_10.pdf
2024,10,DORCHESTER,Working Class,34,https://elections.maryland.gov/pdf/vrar/2024/MSR-2024_10.pdf
2024,10,FREDERICK,Working Class,312,https://elections.maryland.gov/pdf/vrar/2024/MSR-2024_10.pdf
2024,10,GARRETT,Working Class,25,https://elections.maryland.gov/pdf/vrar/2024/MSR-2024_10.pdf
2024,10,HARFORD,Working Class,326,https://elections.maryland.gov/pdf/vrar/2024/MSR-2024_10.pdf
2024,10,HOWARD,Working Class,397,https://elections.maryland.gov/pdf/vrar/2024/MSR-2024_10.pdf
2024,10,KENT,Working Class,23,https://elections.maryland.gov/pdf/vrar/2024/MSR-2024_10.pdf
2024,10,MONTGOMERY,Working Class,1251,https://elections.maryland.gov/pdf/vrar/2024/MSR-2024_10.pdf
2024,10,PR. GEORGE'S,Working Class,1178,https://elections.maryland.gov/pdf/vrar/2024/MSR-2024_10.pdf
2024,10,QUEEN ANNE'S,Working Class,58,https://elections.maryland.gov/pdf/vrar/2024/MSR-2024_10.pdf
2024,10,ST. MARY'S,Working Class,116,https://elections.maryland.gov/pdf/vrar/2024/MSR-2024_10.pdf
2024,10,SOMERSET,Working Class,21,https://elections.maryland.gov/pdf/vrar/2024/MSR-2024_10.pdf
2024,10,TALBOT,Working Class,40,https://elections.maryland.gov/pdf/vrar/2024/MSR-2024_10.pdf
2024,10,WASHINGTON,Working Class,163,https://elections.maryland.gov/pdf/vrar/2024/MSR-2024_10.pdf
2024,10,WICOMICO,Working Class,135,https://elections.maryland.gov/pdf/vrar/2024/MSR-2024_10.pdf
2024,10,WORCESTER,Working Class,64,https://elections.maryland.gov/pdf/vrar/2024/MSR-2024_10.pdf
2024,10,ALLEGANY,Unaffiliated,278,https://elections.maryland.gov/pdf/vrar/2024/MSR-2024_10.pdf
2024,10,ANNE ARUNDEL,Unaffiliated,2539,https://elections.maryland.gov/pdf/vrar/2024/MSR-2024_10.pdf
2024,10,BALTIMORE CITY,Unaffiliated,1278,https://elections.maryland.gov/pdf/vrar/2024/MSR-2024_10.pdf
2024,10,BALTIMORE CO.,Unaffiliated,2737,https://elections.maryland.gov/pdf/vrar/2024/MSR-2024_10.pdf
2024,10,CALVERT,Unaffiliated,457,https://elections.maryland.gov/pdf/vrar/2024/MSR-2024_10.pdf
2024,10,CAROLINE,Unaffiliated,128,https://elections.maryland.gov/pdf/vrar/2024/MSR-2024_10.pdf
2024,10,CARROLL,Unaffiliated,863,https://elections.maryland.gov/pdf/vrar/2024/MSR-2024_10.pdf
2024,10,CECIL,Unaffiliated,486,https://elections.maryland.gov/pdf/vrar/2024/MSR-2024_10.pdf
2024,10,CHARLES,Unaffiliated,456,https://elections.maryland.gov/pdf/vrar/2024/MSR-2024_10.pdf
2024,10,DORCHESTER,Unaffiliated,116,https://elections.maryland.gov/pdf/vrar/2024/MSR-2024_10.pdf
2024,10,FREDERICK,Unaffiliated,1276,https://elections.maryland.gov/pdf/vrar/2024/MSR-2024_10.pdf
2024,10,GARRETT,Unaffiliated,107,https://elections.maryland.gov/pdf/vrar/2024/MSR-2024_10.pdf
2024,10,HARFORD,Unaffiliated,1295,https://elections.maryland.gov/pdf/vrar/2024/MSR-2024_10.pdf
2024,10,HOWARD,Unaffiliated,975,https://elections.maryland.gov/pdf/vrar/2024/MSR-2024_10.pdf
2024,10,KENT,Unaffiliated,72,https://elections.maryland.gov/pdf/vrar/2024/MSR-2024_10.pdf
2024,10,MONTGOMERY,Unaffiliated,2535,https://elections.maryland.gov/pdf/vrar/2024/MSR-2024_10.pdf
2024,10,PR. GEORGE'S,Unaffiliated,1668,https://elections.maryland.gov/pdf/vrar/2024/MSR-2024_10.pdf
2024,10,QUEEN ANNE'S,Unaffiliated,239,https://elections.maryland.gov/pdf/vrar/2024/MSR-2024_10.pdf
2024,10,ST. MARY'S,Unaffiliated,528,https://elections.maryland.gov/pdf/vrar/2024/MSR-2024_10.pdf
2024,10,SOMERSET,Unaffiliated,78,https://elections.maryland.gov/pdf/vrar/2024/MSR-2024_10.pdf
2024,10,TALBOT,Unaffiliated,179,https://elections.maryland.gov/pdf/vrar/2024/MSR-2024_10.pdf
2024,10,WASHINGTON,Unaffiliated,667,https://elections.maryland.gov/pdf/vrar/2024/MSR-2024_10.pdf
2024,10,WICOMICO,Unaffiliated,389,https://elections.maryland.gov/pdf/vrar/2024/MSR-2024_10.pdf
2024,10,WORCESTER,Unaffiliated,248,https://elections.maryland.gov/pdf/vrar/2024/MSR-2024_10.pdf
2024,10,ALLEGANY,Other,56,https://elections.maryland.gov/pdf/vrar/2024/MSR-2024_10.pdf
2024,10,ANNE ARUNDEL,Other,470,https://elections.maryland.gov/pdf/vrar/2024/MSR-2024_10.pdf
2024,10,BALTIMORE CITY,Other,739,https://elections.maryland.gov/pdf/vrar/2024/MSR-2024_10.pdf
2024,10,BALTIMORE CO.,Other,713,https://elections.maryland.gov/pdf/vrar/2024/MSR-2024_10.pdf
2024,10,CALVERT,Other,64,https://elections.maryland.gov/pdf/vrar/2024/MSR-2024_10.pdf
2024,10,CAROLINE,Other,26,https://elections.maryland.gov/pdf/vrar/2024/MSR-2024_10.pdf
2024,10,CARROLL,Other,139,https://elections.maryland.gov/pdf/vrar/2024/MSR-2024_10.pdf
2024,10,CECIL,Other,72,https://elections.maryland.gov/pdf/vrar/2024/MSR-2024_10.pdf
2024,10,CHARLES,Other,112,https://elections.maryland.gov/pdf/vrar/2024/MSR-2024_10.pdf
2024,10,DORCHESTER,Other,16,https://elections.maryland.gov/pdf/vrar/2024/MSR-2024_10.pdf
2024,10,FREDERICK,Other,232,https://elections.maryland.gov/pdf/vrar/2024/MSR-2024_10.pdf
2024,10,GARRETT,Other,18,https://elections.maryland.gov/pdf/vrar/2024/MSR-2024_10.pdf
2024,10,HARFORD,Other,162,https://elections.maryland.gov/pdf/vrar/2024/MSR-2024_10.pdf
2024,10,HOWARD,Other,264,https://elections.maryland.gov/pdf/vrar/2024/MSR-2024_10.pdf
2024,10,KENT,Other,14,https://elections.maryland.gov/pdf/vrar/2024/MSR-2024_10.pdf
2024,10,MONTGOMERY,Other,877,https://elections.maryland.gov/pdf/vrar/2024/MSR-2024_10.pdf
2024,10,PR. GEORGE'S,Other,645,https://elections.maryland.gov/pdf/vrar/2024/MSR-2024_10.pdf
2024,10,QUEEN ANNE'S,Other,45,https://elections.maryland.gov/pdf/vrar/2024/MSR-2024_10.pdf
2024,10,ST. MARY'S,Other,66,https://elections.maryland.gov/pdf/vrar/2024/MSR-2024_10.pdf
2024,10,SOMERSET,Other,17,https://elections.maryland.gov/pdf/vrar/2024/MSR-2024_10.pdf
2024,10,TALBOT,Other,24,https://elections.maryland.gov/pdf/vrar/2024/MSR-2024_10.pdf
2024,10,WASHINGTON,Other,127,https://elections.maryland.gov/pdf/vrar/2024/MSR-2024_10.pdf
2024,10,WICOMICO,Other,68,https://elections.maryland.gov/pdf/vrar/2024/MSR-2024_10.pdf
2024,10,WORCESTER,Other,42,https://elections.maryland.gov/pdf/vrar/2024/MSR-2024_10.pdf
2024,11,ALLEGANY,Democratic,11024,https://elections.maryland.gov/pdf/vrar/2024/MSR-2024_11.pdf
2024,11,ANNE ARUNDEL,Democratic,176289,https://elections.maryland.gov/pdf/vrar/2024/MSR-2024_11.pdf
2024,11,BALTIMORE CITY,Democratic,305040,https://elections.maryland.gov/pdf/vrar/2024/MSR-2024_11.pdf
2024,11,BALTIMORE CO.,Democratic,312143,https://elections.maryland.gov/pdf/vrar/2024/MSR-2024_11.pdf
2024,11,CALVERT,Democratic,23957,https://elections.maryland.gov/pdf/vrar/2024/MSR-2024_11.pdf
2024,11,CAROLINE,Democratic,6050,https://elections.maryland.gov/pdf/vrar/2024/MSR-2024_11.pdf
2024,11,CARROLL,Democratic,33671,https://elections.maryland.gov/pdf/vrar/2024/MSR-2024_11.pdf
2024,11,CECIL,Democratic,19387,https://elections.maryland.gov/pdf/vrar/2024/MSR-2024_11.pdf
2024,11,CHARLES,Democratic,77233,https://elections.maryland.gov/pdf/vrar/2024/MSR-2024_11.pdf
2024,11,DORCHESTER,Democratic,9678,https://elections.maryland.gov/pdf/vrar/2024/MSR-2024_11.pdf
2024,11,FREDERICK,Democratic,80026,https://elections.maryland.gov/pdf/vrar/2024/MSR-2024_11.pdf
2024,11,GARRETT,Democratic,3500,https://elections.maryland.gov/pdf/vrar/2024/MSR-2024_11.pdf
2024,11,HARFORD,Democratic,65362,https://elections.maryland.gov/pdf/vrar/2024/MSR-2024_11.pdf
2024,11,HOWARD,Democratic,125176,https://elections.maryland.gov/pdf/vrar/2024/MSR-2024_11.pdf
2024,11,KENT,Democratic,5779,https://elections.maryland.gov/pdf/vrar/2024/MSR-2024_11.pdf
2024,11,MONTGOMERY,Democratic,414121,https://elections.maryland.gov/pdf/vrar/2024/MSR-2024_11.pdf
2024,11,PR. GEORGE'S,Democratic,463995,https://elections.maryland.gov/pdf/vrar/2024/MSR-2024_11.pdf
2024,11,QUEEN ANNE'S,Democratic,11314,https://elections.maryland.gov/pdf/vrar/2024/MSR-2024_11.pdf
2024,11,ST. MARY'S,Democratic,25490,https://elections.maryland.gov/pdf/vrar/2024/MSR-2024_11.pdf
2024,11,SOMERSET,Democratic,5410,https://elections.maryland.gov/pdf/vrar/2024/MSR-2024_11.pdf
2024,11,TALBOT,Democratic,10757,https://elections.maryland.gov/pdf/vrar/2024/MSR-2024_11.pdf
2024,11,WASHINGTON,Democratic,31296,https://elections.maryland.gov/pdf/vrar/2024/MSR-2024_11.pdf
2024,11,WICOMICO,Democratic,26389,https://elections.maryland.gov/pdf/vrar/2024/MSR-2024_11.pdf
2024,11,WORCESTER,Democratic,13802,https://elections.maryland.gov/pdf/vrar/2024/MSR-2024_11.pdf
2024,11,ALLEGANY,Republican,206,https://elections.maryland.gov/pdf/vrar/2024/MSR-2024_11.pdf
2024,11,ANNE ARUNDEL,Republican,144,https://elections.maryland.gov/pdf/vrar/2024/MSR-2024_11.pdf
2024,11,BALTIMORE CITY,Republican,369,https://elections.maryland.gov/pdf/vrar/2024/MSR-2024_11.pdf
2024,11,BALTIMORE CO.,Republican,243,https://elections.maryland.gov/pdf/vrar/2024/MSR-2024_11.pdf
2024,11,CALVERT,Republican,129,https://elections.maryland.gov/pdf/vrar/2024/MSR-2024_11.pdf
2024,11,CAROLINE,Republican,92,https://elections.maryland.gov/pdf/vrar/2024/MSR-2024_11.pdf
2024,11,CARROLL,Republican,230,https://elections.maryland.gov/pdf/vrar/2024/MSR-2024_11.pdf
2024,11,CECIL,Republican,31,https://elections.maryland.gov/pdf/vrar/2024/MSR-2024_11.pdf
2024,11,CHARLES,Republican,94,https://elections.maryland.gov/pdf/vrar/2024/MSR-2024_11.pdf
2024,11,DORCHESTER,Republican,85,https://elections.maryland.gov/pdf/vrar/2024/MSR-2024_11.pdf
2024,11,FREDERICK,Republican,33,https://elections.maryland.gov/pdf/vrar/2024/MSR-2024_11.pdf
2024,11,GARRETT,Republican,5,https://elections.maryland.gov/pdf/vrar/2024/MSR-2024_11.pdf
2024,11,HARFORD,Republican,790,https://elections.maryland.gov/pdf/vrar/2024/MSR-2024_11.pdf
2024,11,HOWARD,Republican,66,https://elections.maryland.gov/pdf/vrar/2024/MSR-2024_11.pdf
2024,11,KENT,Republican,2,https://elections.maryland.gov/pdf/vrar/2024/MSR-2024_11.pdf
2024,11,MONTGOMERY,Republican,151,https://elections.maryland.gov/pdf/vrar/2024/MSR-2024_11.pdf
2024,11,PR. GEORGE'S,Republican,301,https://elections.maryland.gov/pdf/vrar/2024/MSR-2024_11.pdf
2024,11,QUEEN ANNE'S,Republican,141,https://elections.maryland.gov/pdf/vrar/2024/MSR-2024_11.pdf
2024,11,ST. MARY'S,Republican,76,https://elections.maryland.gov/pdf/vrar/2024/MSR-2024_11.pdf
2024,11,SOMERSET,Republican,6,https://elections.maryland.gov/pdf/vrar/2024/MSR-2024_11.pdf
2024,11,TALBOT,Republican,22,https://elections.maryland.gov/pdf/vrar/2024/MSR-2024_11.pdf
2024,11,WASHINGTON,Republican,477,https://elections.maryland.gov/pdf/vrar/2024/MSR-2024_11.pdf
2024,11,WICOMICO,Republican,9,https://elections.maryland.gov/pdf/vrar/2024/MSR-2024_11.pdf
2024,11,WORCESTER,Republican,135,https://elections.maryland.gov/pdf/vrar/2024/MSR-2024_11.pdf
2024,11,ALLEGANY,Green,23681,https://elections.maryland.gov/pdf/vrar/2024/MSR-2024_11.pdf
2024,11,ANNE ARUNDEL,Green,132033,https://elections.maryland.gov/pdf/vrar/2024/MSR-2024_11.pdf
2024,11,BALTIMORE CITY,Green,30052,https://elections.maryland.gov/pdf/vrar/2024/MSR-2024_11.pdf
2024,11,BALTIMORE CO.,Green,142246,https://elections.maryland.gov/pdf/vrar/2024/MSR-2024_11.pdf
2024,11,CALVERT,Green,29183,https://elections.maryland.gov/pdf/vrar/2024/MSR-2024_11.pdf
2024,11,CAROLINE,Green,11194,https://elections.maryland.gov/pdf/vrar/2024/MSR-2024_11.pdf
2024,11,CARROLL,Green,65407,https://elections.maryland.gov/pdf/vrar/2024/MSR-2024_11.pdf
2024,11,CECIL,Green,35977,https://elections.maryland.gov/pdf/vrar/2024/MSR-2024_11.pdf
2024,11,CHARLES,Green,24019,https://elections.maryland.gov/pdf/vrar/2024/MSR-2024_11.pdf
2024,11,DORCHESTER,Green,9706,https://elections.maryland.gov/pdf/vrar/2024/MSR-2024_11.pdf
2024,11,FREDERICK,Green,70073,https://elections.maryland.gov/pdf/vrar/2024/MSR-2024_11.pdf
2024,11,GARRETT,Green,14134,https://elections.maryland.gov/pdf/vrar/2024/MSR-2024_11.pdf
2024,11,HARFORD,Green,82838,https://elections.maryland.gov/pdf/vrar/2024/MSR-2024_11.pdf
2024,11,HOWARD,Green,49406,https://elections.maryland.gov/pdf/vrar/2024/MSR-2024_11.pdf
2024,11,KENT,Green,5527,https://elections.maryland.gov/pdf/vrar/2024/MSR-2024_11.pdf
2024,11,MONTGOMERY,Green,101708,https://elections.maryland.gov/pdf/vrar/2024/MSR-2024_11.pdf
2024,11,PR. GEORGE'S,Green,41595,https://elections.maryland.gov/pdf/vrar/2024/MSR-2024_11.pdf
2024,11,QUEEN ANNE'S,Green,20823,https://elections.maryland.gov/pdf/vrar/2024/MSR-2024_11.pdf
2024,11,ST. MARY'S,Green,33746,https://elections.maryland.gov/pdf/vrar/2024/MSR-2024_11.pdf
2024,11,SOMERSET,Green,6335,https://elections.maryland.gov/pdf/vrar/2024/MSR-2024_11.pdf
2024,11,TALBOT,Green,11876,https://elections.maryland.gov/pdf/vrar/2024/MSR-2024_11.pdf
2024,11,WASHINGTON,Green,45906,https://elections.maryland.gov/pdf/vrar/2024/MSR-2024_11.pdf
2024,11,WICOMICO,Green,24772,https://elections.maryland.gov/pdf/vrar/2024/MSR-2024_11.pdf
2024,11,WORCESTER,Green,20203,https://elections.maryland.gov/pdf/vrar/2024/MSR-2024_11.pdf
2024,11,ALLEGANY,Working Class,71,https://elections.maryland.gov/pdf/vrar/2024/MSR-2024_11.pdf
2024,11,ANNE ARUNDEL,Working Class,824,https://elections.maryland.gov/pdf/vrar/2024/MSR-2024_11.pdf
2024,11,BALTIMORE CITY,Working Class,809,https://elections.maryland.gov/pdf/vrar/2024/MSR-2024_11.pdf
2024,11,BALTIMORE CO.,Working Class,1015,https://elections.maryland.gov/pdf/vrar/2024/MSR-2024_11.pdf
2024,11,CALVERT,Working Class,112,https://elections.maryland.gov/pdf/vrar/2024/MSR-2024_11.pdf
2024,11,CAROLINE,Working Class,45,https://elections.maryland.gov/pdf/vrar/2024/MSR-2024_11.pdf
2024,11,CARROLL,Working Class,153,https://elections.maryland.gov/pdf/vrar/2024/MSR-2024_11.pdf
2024,11,CECIL,Working Class,147,https://elections.maryland.gov/pdf/vrar/2024/MSR-2024_11.pdf
2024,11,CHARLES,Working Class,208,https://elections.maryland.gov/pdf/vrar/2024/MSR-2024_11.pdf
2024,11,DORCHESTER,Working Class,34,https://elections.maryland.gov/pdf/vrar/2024/MSR-2024_11.pdf
2024,11,FREDERICK,Working Class,319,https://elections.maryland.gov/pdf/vrar/2024/MSR-2024_11.pdf
2024,11,GARRETT,Working Class,25,https://elections.maryland.gov/pdf/vrar/2024/MSR-2024_11.pdf
2024,11,HARFORD,Working Class,338,https://elections.maryland.gov/pdf/vrar/2024/MSR-2024_11.pdf
2024,11,HOWARD,Working Class,401,https://elections.maryland.gov/pdf/vrar/2024/MSR-2024_11.pdf
2024,11,KENT,Working Class,23,https://elections.maryland.gov/pdf/vrar/2024/MSR-2024_11.pdf
2024,11,MONTGOMERY,Working Class,1272,https://elections.maryland.gov/pdf/vrar/2024/MSR-2024_11.pdf
2024,11,PR. GEORGE'S,Working Class,1217,https://elections.maryland.gov/pdf/vrar/2024/MSR-2024_11.pdf
2024,11,QUEEN ANNE'S,Working Class,59,https://elections.maryland.gov/pdf/vrar/2024/MSR-2024_11.pdf
2024,11,ST. MARY'S,Working Class,121,https://elections.maryland.gov/pdf/vrar/2024/MSR-2024_11.pdf
2024,11,SOMERSET,Working Class,22,https://elections.maryland.gov/pdf/vrar/2024/MSR-2024_11.pdf
2024,11,TALBOT,Working Class,41,https://elections.maryland.gov/pdf/vrar/2024/MSR-2024_11.pdf
2024,11,WASHINGTON,Working Class,177,https://elections.maryland.gov/pdf/vrar/2024/MSR-2024_11.pdf
2024,11,WICOMICO,Working Class,137,https://elections.maryland.gov/pdf/vrar/2024/MSR-2024_11.pdf
2024,11,WORCESTER,Working Class,61,https://elections.maryland.gov/pdf/vrar/2024/MSR-2024_11.pdf
2024,11,ALLEGANY,Unaffiliated,284,https://elections.maryland.gov/pdf/vrar/2024/MSR-2024_11.pdf
2024,11,ANNE ARUNDEL,Unaffiliated,2570,https://elections.maryland.gov/pdf/vrar/2024/MSR-2024_11.pdf
2024,11,BALTIMORE CITY,Unaffiliated,1285,https://elections.maryland.gov/pdf/vrar/2024/MSR-2024_11.pdf
2024,11,BALTIMORE CO.,Unaffiliated,2761,https://elections.maryland.gov/pdf/vrar/2024/MSR-2024_11.pdf
2024,11,CALVERT,Unaffiliated,463,https://elections.maryland.gov/pdf/vrar/2024/MSR-2024_11.pdf
2024,11,CAROLINE,Unaffiliated,129,https://elections.maryland.gov/pdf/vrar/2024/MSR-2024_11.pdf
2024,11,CARROLL,Unaffiliated,870,https://elections.maryland.gov/pdf/vrar/2024/MSR-2024_11.pdf
2024,11,CECIL,Unaffiliated,493,https://elections.maryland.gov/pdf/vrar/2024/MSR-2024_11.pdf
2024,11,CHARLES,Unaffiliated,471,https://elections.maryland.gov/pdf/vrar/2024/MSR-2024_11.pdf
2024,11,DORCHESTER,Unaffiliated,119,https://elections.maryland.gov/pdf/vrar/2024/MSR-2024_11.pdf
2024,11,FREDERICK,Unaffiliated,1286,https://elections.maryland.gov/pdf/vrar/2024/MSR-2024_11.pdf
2024,11,GARRETT,Unaffiliated,109,https://elections.maryland.gov/pdf/vrar/2024/MSR-2024_11.pdf
2024,11,HARFORD,Unaffiliated,1310,https://elections.maryland.gov/pdf/vrar/2024/MSR-2024_11.pdf
2024,11,HOWARD,Unaffiliated,983,https://elections.maryland.gov/pdf/vrar/2024/MSR-2024_11.pdf
2024,11,KENT,Unaffiliated,71,https://elections.maryland.gov/pdf/vrar/2024/MSR-2024_11.pdf
2024,11,MONTGOMERY,Unaffiliated,2559,https://elections.maryland.gov/pdf/vrar/2024/MSR-2024_11.pdf
2024,11,PR. GEORGE'S,Unaffiliated,1692,https://elections.maryland.gov/pdf/vrar/2024/MSR-2024_11.pdf
2024,11,QUEEN ANNE'S,Unaffiliated,241,https://elections.maryland.gov/pdf/vrar/2024/MSR-2024_11.pdf
2024,11,ST. MARY'S,Unaffiliated,534,https://elections.maryland.gov/pdf/vrar/2024/MSR-2024_11.pdf
2024,11,SOMERSET,Unaffiliated,77,https://elections.maryland.gov/pdf/vrar/2024/MSR-2024_11.pdf
2024,11,TALBOT,Unaffiliated,180,https://elections.maryland.gov/pdf/vrar/2024/MSR-2024_11.pdf
2024,11,WASHINGTON,Unaffiliated,682,https://elections.maryland.gov/pdf/vrar/2024/MSR-2024_11.pdf
2024,11,WICOMICO,Unaffiliated,393,https://elections.maryland.gov/pdf/vrar/2024/MSR-2024_11.pdf
2024,11,WORCESTER,Unaffiliated,245,https://elections.maryland.gov/pdf/vrar/2024/MSR-2024_11.pdf
2024,11,ALLEGANY,Other,57,https://elections.maryland.gov/pdf/vrar/2024/MSR-2024_11.pdf
2024,11,ANNE ARUNDEL,Other,487,https://elections.maryland.gov/pdf/vrar/2024/MSR-2024_11.pdf
2024,11,BALTIMORE CITY,Other,762,https://elections.maryland.gov/pdf/vrar/2024/MSR-2024_11.pdf
2024,11,BALTIMORE CO.,Other,735,https://elections.maryland.gov/pdf/vrar/2024/MSR-2024_11.pdf
2024,11,CALVERT,Other,64,https://elections.maryland.gov/pdf/vrar/2024/MSR-2024_11.pdf
2024,11,CAROLINE,Other,26,https://elections.maryland.gov/pdf/vrar/2024/MSR-2024_11.pdf
2024,11,CARROLL,Other,140,https://elections.maryland.gov/pdf/vrar/2024/MSR-2024_11.pdf
2024,11,CECIL,Other,72,https://elections.maryland.gov/pdf/vrar/2024/MSR-2024_11.pdf
2024,11,CHARLES,Other,120,https://elections.maryland.gov/pdf/vrar/2024/MSR-2024_11.pdf
2024,11,DORCHESTER,Other,16,https://elections.maryland.gov/pdf/vrar/2024/MSR-2024_11.pdf
2024,11,FREDERICK,Other,237,https://elections.maryland.gov/pdf/vrar/2024/MSR-2024_11.pdf
2024,11,GARRETT,Other,18,https://elections.maryland.gov/pdf/vrar/2024/MSR-2024_11.pdf
2024,11,HARFORD,Other,168,https://elections.maryland.gov/pdf/vrar/2024/MSR-2024_11.pdf
2024,11,HOWARD,Other,279,https://elections.maryland.gov/pdf/vrar/2024/MSR-2024_11.pdf
2024,11,KENT,Other,14,https://elections.maryland.gov/pdf/vrar/2024/MSR-2024_11.pdf
2024,11,MONTGOMERY,Other,907,https://elections.maryland.gov/pdf/vrar/2024/MSR-2024_11.pdf
2024,11,PR. GEORGE'S,Other,680,https://elections.maryland.gov/pdf/vrar/2024/MSR-2024_11.pdf
2024,11,QUEEN ANNE'S,Other,46,https://elections.maryland.gov/pdf/vrar/2024/MSR-2024_11.pdf
2024,11,ST. MARY'S,Other,72,https://elections.maryland.gov/pdf/vrar/2024/MSR-2024_11.pdf
2024,11,SOMERSET,Other,17,https://elections.maryland.gov/pdf/vrar/2024/MSR-2024_11.pdf
2024,11,TALBOT,Other,24,https://elections.maryland.gov/pdf/vrar/2024/MSR-2024_11.pdf
2024,11,WASHINGTON,Other,130,https://elections.maryland.gov/pdf/vrar/2024/MSR-2024_11.pdf
2024,11,WICOMICO,Other,71,https://elections.maryland.gov/pdf/vrar/2024/MSR-2024_11.pdf
2024,11,WORCESTER,Other,42,https://elections.maryland.gov/pdf/vrar/2024/MSR-2024_11.pdf
2024,12,ALLEGANY,Democratic,10937,https://elections.maryland.gov/pdf/vrar/2024/MSR-2024_12.pdf
2024,12,ANNE ARUNDEL,Democratic,173088,https://elections.maryland.gov/pdf/vrar/2024/MSR-2024_12.pdf
2024,12,BALTIMORE CITY,Democratic,302977,https://elections.maryland.gov/pdf/vrar/2024/MSR-2024_12.pdf
2024,12,BALTIMORE CO.,Democratic,310449,https://elections.maryland.gov/pdf/vrar/2024/MSR-2024_12.pdf
2024,12,CALVERT,Democratic,23785,https://elections.maryland.gov/pdf/vrar/2024/MSR-2024_12.pdf
2024,12,CAROLINE,Democratic,6015,https://elections.maryland.gov/pdf/vrar/2024/MSR-2024_12.pdf
2024,12,CARROLL,Democratic,33460,https://elections.maryland.gov/pdf/vrar/2024/MSR-2024_12.pdf
2024,12,CECIL,Democratic,19261,https://elections.maryland.gov/pdf/vrar/2024/MSR-2024_12.pdf
2024,12,CHARLES,Democratic,77094,https://elections.maryland.gov/pdf/vrar/2024/MSR-2024_12.pdf
2024,12,DORCHESTER,Democratic,9649,https://elections.maryland.gov/pdf/vrar/2024/MSR-2024_12.pdf
2024,12,FREDERICK,Democratic,79386,https://elections.maryland.gov/pdf/vrar/2024/MSR-2024_12.pdf
2024,12,GARRETT,Democratic,3480,https://elections.maryland.gov/pdf/vrar/2024/MSR-2024_12.pdf
2024,12,HARFORD,Democratic,65110,https://elections.maryland.gov/pdf/vrar/2024/MSR-2024_12.pdf
2024,12,HOWARD,Democratic,124713,https://elections.maryland.gov/pdf/vrar/2024/MSR-2024_12.pdf
2024,12,KENT,Democratic,5742,https://elections.maryland.gov/pdf/vrar/2024/MSR-2024_12.pdf
2024,12,MONTGOMERY,Democratic,414527,https://elections.maryland.gov/pdf/vrar/2024/MSR-2024_12.pdf
2024,12,PR. GEORGE'S,Democratic,463687,https://elections.maryland.gov/pdf/vrar/2024/MSR-2024_12.pdf
2024,12,QUEEN ANNE'S,Democratic,11288,https://elections.maryland.gov/pdf/vrar/2024/MSR-2024_12.pdf
2024,12,ST. MARY'S,Democratic,25161,https://elections.maryland.gov/pdf/vrar/2024/MSR-2024_12.pdf
2024,12,SOMERSET,Democratic,5403,https://elections.maryland.gov/pdf/vrar/2024/MSR-2024_12.pdf
2024,12,TALBOT,Democratic,10640,https://elections.maryland.gov/pdf/vrar/2024/MSR-2024_12.pdf
2024,12,WASHINGTON,Democratic,31120,https://elections.maryland.gov/pdf/vrar/2024/MSR-2024_12.pdf
2024,12,WICOMICO,Democratic,26481,https://elections.maryland.gov/pdf/vrar/2024/MSR-2024_12.pdf
2024,12,WORCESTER,Democratic,13708,https://elections.maryland.gov/pdf/vrar/2024/MSR-2024_12.pdf
2024,12,ALLEGANY,Republican,93,https://elections.maryland.gov/pdf/vrar/2024/MSR-2024_12.pdf
2024,12,ANNE ARUNDEL,Republican,1596,https://elections.maryland.gov/pdf/vrar/2024/MSR-2024_12.pdf
2024,12,BALTIMORE CITY,Republican,503,https://elections.maryland.gov/pdf/vrar/2024/MSR-2024_12.pdf
2024,12,BALTIMORE CO.,Republican,2317,https://elections.maryland.gov/pdf/vrar/2024/MSR-2024_12.pdf
2024,12,CALVERT,Republican,471,https://elections.maryland.gov/pdf/vrar/2024/MSR-2024_12.pdf
2024,12,CAROLINE,Republican,60,https://elections.maryland.gov/pdf/vrar/2024/MSR-2024_12.pdf
2024,12,CARROLL,Republican,446,https://elections.maryland.gov/pdf/vrar/2024/MSR-2024_12.pdf
2024,12,CECIL,Republican,312,https://elections.maryland.gov/pdf/vrar/2024/MSR-2024_12.pdf
2024,12,CHARLES,Republican,884,https://elections.maryland.gov/pdf/vrar/2024/MSR-2024_12.pdf
2024,12,DORCHESTER,Republican,68,https://elections.maryland.gov/pdf/vrar/2024/MSR-2024_12.pdf
2024,12,FREDERICK,Republican,688,https://elections.maryland.gov/pdf/vrar/2024/MSR-2024_12.pdf
2024,12,GARRETT,Republican,93,https://elections.maryland.gov/pdf/vrar/2024/MSR-2024_12.pdf
2024,12,HARFORD,Republican,731,https://elections.maryland.gov/pdf/vrar/2024/MSR-2024_12.pdf
2024,12,HOWARD,Republican,2055,https://elections.maryland.gov/pdf/vrar/2024/MSR-2024_12.pdf
2024,12,KENT,Republican,57,https://elections.maryland.gov/pdf/vrar/2024/MSR-2024_12.pdf
2024,12,MONTGOMERY,Republican,3584,https://elections.maryland.gov/pdf/vrar/2024/MSR-2024_12.pdf
2024,12,PR. GEORGE'S,Republican,5070,https://elections.maryland.gov/pdf/vrar/2024/MSR-2024_12.pdf
2024,12,QUEEN ANNE'S,Republican,159,https://elections.maryland.gov/pdf/vrar/2024/MSR-2024_12.pdf
2024,12,ST. MARY'S,Republican,119,https://elections.maryland.gov/pdf/vrar/2024/MSR-2024_12.pdf
2024,12,SOMERSET,Republican,57,https://elections.maryland.gov/pdf/vrar/2024/MSR-2024_12.pdf
2024,12,TALBOT,Republican,156,https://elections.maryland.gov/pdf/vrar/2024/MSR-2024_12.pdf
2024,12,WASHINGTON,Republican,344,https://elections.maryland.gov/pdf/vrar/2024/MSR-2024_12.pdf
2024,12,WICOMICO,Republican,514,https://elections.maryland.gov/pdf/vrar/2024/MSR-2024_12.pdf
2024,12,WORCESTER,Republican,156,https://elections.maryland.gov/pdf/vrar/2024/MSR-2024_12.pdf
2024,12,ALLEGANY,Green,23617,https://elections.maryland.gov/pdf/vrar/2024/MSR-2024_12.pdf
2024,12,ANNE ARUNDEL,Green,130262,https://elections.maryland.gov/pdf/vrar/2024/MSR-2024_12.pdf
2024,12,BALTIMORE CITY,Green,29866,https://elections.maryland.gov/pdf/vrar/2024/MSR-2024_12.pdf
2024,12,BALTIMORE CO.,Green,141796,https://elections.maryland.gov/pdf/vrar/2024/MSR-2024_12.pdf
2024,12,CALVERT,Green,29168,https://elections.maryland.gov/pdf/vrar/2024/MSR-2024_12.pdf
2024,12,CAROLINE,Green,11187,https://elections.maryland.gov/pdf/vrar/2024/MSR-2024_12.pdf
2024,12,CARROLL,Green,65142,https://elections.maryland.gov/pdf/vrar/2024/MSR-2024_12.pdf
2024,12,CECIL,Green,35933,https://elections.maryland.gov/pdf/vrar/2024/MSR-2024_12.pdf
2024,12,CHARLES,Green,24057,https://elections.maryland.gov/pdf/vrar/2024/MSR-2024_12.pdf
2024,12,DORCHESTER,Green,9712,https://elections.maryland.gov/pdf/vrar/2024/MSR-2024_12.pdf
2024,12,FREDERICK,Green,69676,https://elections.maryland.gov/pdf/vrar/2024/MSR-2024_12.pdf
2024,12,GARRETT,Green,14125,https://elections.maryland.gov/pdf/vrar/2024/MSR-2024_12.pdf
2024,12,HARFORD,Green,82836,https://elections.maryland.gov/pdf/vrar/2024/MSR-2024_12.pdf
2024,12,HOWARD,Green,49444,https://elections.maryland.gov/pdf/vrar/2024/MSR-2024_12.pdf
2024,12,KENT,Green,5563,https://elections.maryland.gov/pdf/vrar/2024/MSR-2024_12.pdf
2024,12,MONTGOMERY,Green,102570,https://elections.maryland.gov/pdf/vrar/2024/MSR-2024_12.pdf
2024,12,PR. GEORGE'S,Green,42330,https://elections.maryland.gov/pdf/vrar/2024/MSR-2024_12.pdf
2024,12,QUEEN ANNE'S,Green,20837,https://elections.maryland.gov/pdf/vrar/2024/MSR-2024_12.pdf
2024,12,ST. MARY'S,Green,33468,https://elections.maryland.gov/pdf/vrar/2024/MSR-2024_12.pdf
2024,12,SOMERSET,Green,6357,https://elections.maryland.gov/pdf/vrar/2024/MSR-2024_12.pdf
2024,12,TALBOT,Green,11851,https://elections.maryland.gov/pdf/vrar/2024/MSR-2024_12.pdf
2024,12,WASHINGTON,Green,45883,https://elections.maryland.gov/pdf/vrar/2024/MSR-2024_12.pdf
2024,12,WICOMICO,Green,24969,https://elections.maryland.gov/pdf/vrar/2024/MSR-2024_12.pdf
2024,12,WORCESTER,Green,20151,https://elections.maryland.gov/pdf/vrar/2024/MSR-2024_12.pdf
2024,12,ALLEGANY,Working Class,75,https://elections.maryland.gov/pdf/vrar/2024/MSR-2024_12.pdf
2024,12,ANNE ARUNDEL,Working Class,813,https://elections.maryland.gov/pdf/vrar/2024/MSR-2024_12.pdf
2024,12,BALTIMORE CITY,Working Class,795,https://elections.maryland.gov/pdf/vrar/2024/MSR-2024_12.pdf
2024,12,BALTIMORE CO.,Working Class,989,https://elections.maryland.gov/pdf/vrar/2024/MSR-2024_12.pdf
2024,12,CALVERT,Working Class,126,https://elections.maryland.gov/pdf/vrar/2024/MSR-2024_12.pdf
2024,12,CAROLINE,Working Class,51,https://elections.maryland.gov/pdf/vrar/2024/MSR-2024_12.pdf
2024,12,CARROLL,Working Class,169,https://elections.maryland.gov/pdf/vrar/2024/MSR-2024_12.pdf
2024,12,CECIL,Working Class,154,https://elections.maryland.gov/pdf/vrar/2024/MSR-2024_12.pdf
2024,12,CHARLES,Working Class,231,https://elections.maryland.gov/pdf/vrar/2024/MSR-2024_12.pdf
2024,12,DORCHESTER,Working Class,41,https://elections.maryland.gov/pdf/vrar/2024/MSR-2024_12.pdf
2024,12,FREDERICK,Working Class,313,https://elections.maryland.gov/pdf/vrar/2024/MSR-2024_12.pdf
2024,12,GARRETT,Working Class,31,https://elections.maryland.gov/pdf/vrar/2024/MSR-2024_12.pdf
2024,12,HARFORD,Working Class,388,https://elections.maryland.gov/pdf/vrar/2024/MSR-2024_12.pdf
2024,12,HOWARD,Working Class,446,https://elections.maryland.gov/pdf/vrar/2024/MSR-2024_12.pdf
2024,12,KENT,Working Class,21,https://elections.maryland.gov/pdf/vrar/2024/MSR-2024_12.pdf
2024,12,MONTGOMERY,Working Class,1293,https://elections.maryland.gov/pdf/vrar/2024/MSR-2024_12.pdf
2024,12,PR. GEORGE'S,Working Class,1288,https://elections.maryland.gov/pdf/vrar/2024/MSR-2024_12.pdf
2024,12,QUEEN ANNE'S,Working Class,67,https://elections.maryland.gov/pdf/vrar/2024/MSR-2024_12.pdf
2024,12,ST. MARY'S,Working Class,128,https://elections.maryland.gov/pdf/vrar/2024/MSR-2024_12.pdf
2024,12,SOMERSET,Working Class,28,https://elections.maryland.gov/pdf/vrar/2024/MSR-2024_12.pdf
2024,12,TALBOT,Working Class,53,https://elections.maryland.gov/pdf/vrar/2024/MSR-2024_12.pdf
2024,12,WASHINGTON,Working Class,201,https://elections.maryland.gov/pdf/vrar/2024/MSR-2024_12.pdf
2024,12,WICOMICO,Working Class,160,https://elections.maryland.gov/pdf/vrar/2024/MSR-2024_12.pdf
2024,12,WORCESTER,Working Class,68,https://elections.maryland.gov/pdf/vrar/2024/MSR-2024_12.pdf
2024,12,ALLEGANY,Unaffiliated,284,https://elections.maryland.gov/pdf/vrar/2024/MSR-2024_12.pdf
2024,12,ANNE ARUNDEL,Unaffiliated,2474,https://elections.maryland.gov/pdf/vrar/2024/MSR-2024_12.pdf
2024,12,BALTIMORE CITY,Unaffiliated,1276,https://elections.maryland.gov/pdf/vrar/2024/MSR-2024_12.pdf
2024,12,BALTIMORE CO.,Unaffiliated,2735,https://elections.maryland.gov/pdf/vrar/2024/MSR-2024_12.pdf
2024,12,CALVERT,Unaffiliated,464,https://elections.maryland.gov/pdf/vrar/2024/MSR-2024_12.pdf
2024,12,CAROLINE,Unaffiliated,128,https://elections.maryland.gov/pdf/vrar/2024/MSR-2024_12.pdf
2024,12,CARROLL,Unaffiliated,849,https://elections.maryland.gov/pdf/vrar/2024/MSR-2024_12.pdf
2024,12,CECIL,Unaffiliated,489,https://elections.maryland.gov/pdf/vrar/2024/MSR-2024_12.pdf
2024,12,CHARLES,Unaffiliated,472,https://elections.maryland.gov/pdf/vrar/2024/MSR-2024_12.pdf
2024,12,DORCHESTER,Unaffiliated,124,https://elections.maryland.gov/pdf/vrar/2024/MSR-2024_12.pdf
2024,12,FREDERICK,Unaffiliated,1268,https://elections.maryland.gov/pdf/vrar/2024/MSR-2024_12.pdf
2024,12,GARRETT,Unaffiliated,107,https://elections.maryland.gov/pdf/vrar/2024/MSR-2024_12.pdf
2024,12,HARFORD,Unaffiliated,1298,https://elections.maryland.gov/pdf/vrar/2024/MSR-2024_12.pdf
2024,12,HOWARD,Unaffiliated,1001,https://elections.maryland.gov/pdf/vrar/2024/MSR-2024_12.pdf
2024,12,KENT,Unaffiliated,72,https://elections.maryland.gov/pdf/vrar/2024/MSR-2024_12.pdf
2024,12,MONTGOMERY,Unaffiliated,2583,https://elections.maryland.gov/pdf/vrar/2024/MSR-2024_12.pdf
2024,12,PR. GEORGE'S,Unaffiliated,1725,https://elections.maryland.gov/pdf/vrar/2024/MSR-2024_12.pdf
2024,12,QUEEN ANNE'S,Unaffiliated,235,https://elections.maryland.gov/pdf/vrar/2024/MSR-2024_12.pdf
2024,12,ST. MARY'S,Unaffiliated,525,https://elections.maryland.gov/pdf/vrar/2024/MSR-2024_12.pdf
2024,12,SOMERSET,Unaffiliated,76,https://elections.maryland.gov/pdf/vrar/2024/MSR-2024_12.pdf
2024,12,TALBOT,Unaffiliated,177,https://elections.maryland.gov/pdf/vrar/2024/MSR-2024_12.pdf
2024,12,WASHINGTON,Unaffiliated,664,https://elections.maryland.gov/pdf/vrar/2024/MSR-2024_12.pdf
2024,12,WICOMICO,Unaffiliated,400,https://elections.maryland.gov/pdf/vrar/2024/MSR-2024_12.pdf
2024,12,WORCESTER,Unaffiliated,248,https://elections.maryland.gov/pdf/vrar/2024/MSR-2024_12.pdf
2024,12,ALLEGANY,Other,56,https://elections.maryland.gov/pdf/vrar/2024/MSR-2024_12.pdf
2024,12,ANNE ARUNDEL,Other,465,https://elections.maryland.gov/pdf/vrar/2024/MSR-2024_12.pdf
2024,12,BALTIMORE CITY,Other,753,https://elections.maryland.gov/pdf/vrar/2024/MSR-2024_12.pdf
2024,12,BALTIMORE CO.,Other,716,https://elections.maryland.gov/pdf/vrar/2024/MSR-2024_12.pdf
2024,12,CALVERT,Other,60,https://elections.maryland.gov/pdf/vrar/2024/MSR-2024_12.pdf
2024,12,CAROLINE,Other,25,https://elections.maryland.gov/pdf/vrar/2024/MSR-2024_12.pdf
2024,12,CARROLL,Other,138,https://elections.maryland.gov/pdf/vrar/2024/MSR-2024_12.pdf
2024,12,CECIL,Other,68,https://elections.maryland.gov/pdf/vrar/2024/MSR-2024_12.pdf
2024,12,CHARLES,Other,119,https://elections.maryland.gov/pdf/vrar/2024/MSR-2024_12.pdf
2024,12,DORCHESTER,Other,17,https://elections.maryland.gov/pdf/vrar/2024/MSR-2024_12.pdf
2024,12,FREDERICK,Other,231,https://elections.maryland.gov/pdf/vrar/2024/MSR-2024_12.pdf
2024,12,GARRETT,Other,16,https://elections.maryland.gov/pdf/vrar/2024/MSR-2024_12.pdf
2024,12,HARFORD,Other,165,https://elections.maryland.gov/pdf/vrar/2024/MSR-2024_12.pdf
2024,12,HOWARD,Other,291,https://elections.maryland.gov/pdf/vrar/2024/MSR-2024_12.pdf
2024,12,KENT,Other,14,https://elections.maryland.gov/pdf/vrar/2024/MSR-2024_12.pdf
2024,12,MONTGOMERY,Other,920,https://elections.maryland.gov/pdf/vrar/2024/MSR-2024_12.pdf
2024,12,PR. GEORGE'S,Other,676,https://elections.maryland.gov/pdf/vrar/2024/MSR-2024_12.pdf
2024,12,QUEEN ANNE'S,Other,46,https://elections.maryland.gov/pdf/vrar/2024/MSR-2024_12.pdf
2024,12,ST. MARY'S,Other,70,https://elections.maryland.gov/pdf/vrar/2024/MSR-2024_12.pdf
2024,12,SOMERSET,Other,16,https://elections.maryland.gov/pdf/vrar/2024/MSR-2024_12.pdf
2024,12,TALBOT,Other,23,https://elections.maryland.gov/pdf/vrar/2024/MSR-2024_12.pdf
2024,12,WASHINGTON,Other,129,https://elections.maryland.gov/pdf/vrar/2024/MSR-2024_12.pdf
2024,12,WICOMICO,Other,71,https://elections.maryland.gov/pdf/vrar/2024/MSR-2024_12.pdf
2024,12,WORCESTER,Other,42,https://elections.maryland.gov/pdf/vrar/2024/MSR-2024_12.pdf
2025,4,ALLEGANY,Democratic,10819,imputed://linear_interpolation/2025_04
2025,4,ANNE ARUNDEL,Democratic,173274,imputed://linear_interpolation/2025_04
2025,4,BALTIMORE CITY,Democratic,301658,imputed://linear_interpolation/2025_04
2025,4,BALTIMORE CO.,Democratic,309026,imputed://linear_interpolation/2025_04
2025,4,CALVERT,Democratic,23557,imputed://linear_interpolation/2025_04
2025,4,CAROLINE,Democratic,5995,imputed://linear_interpolation/2025_04
2025,4,CARROLL,Democratic,33186,imputed://linear_interpolation/2025_04
2025,4,CECIL,Democratic,19032,imputed://linear_interpolation/2025_04
2025,4,CHARLES,Democratic,76777,imputed://linear_interpolation/2025_04
2025,4,DORCHESTER,Democratic,9536,imputed://linear_interpolation/2025_04
2025,4,FREDERICK,Democratic,79327,imputed://linear_interpolation/2025_04
2025,4,GARRETT,Democratic,3439,imputed://linear_interpolation/2025_04
2025,4,HARFORD,Democratic,64496,imputed://linear_interpolation/2025_04
2025,4,HOWARD,Democratic,123279,imputed://linear_interpolation/2025_04
2025,4,KENT,Democratic,5693,imputed://linear_interpolation/2025_04
2025,4,MONTGOMERY,Democratic,409665,imputed://linear_interpolation/2025_04
2025,4,PR. GEORGE'S,Democratic,461328,imputed://linear_interpolation/2025_04
2025,4,QUEEN ANNE'S,Democratic,11265,imputed://linear_interpolation/2025_04
2025,4,ST. MARY'S,Democratic,25006,imputed://linear_interpolation/2025_04
2025,4,SOMERSET,Democratic,5360,imputed://linear_interpolation/2025_04
2025,4,TALBOT,Democratic,10466,imputed://linear_interpolation/2025_04
2025,4,WASHINGTON,Democratic,30588,imputed://linear_interpolation/2025_04
2025,4,WICOMICO,Democratic,26192,imputed://linear_interpolation/2025_04
2025,4,WORCESTER,Democratic,13590,imputed://linear_interpolation/2025_04
2025,4,ALLEGANY,Republican,23720,imputed://linear_interpolation/2025_04
2025,4,ANNE ARUNDEL,Republican,131183,imputed://linear_interpolation/2025_04
2025,4,BALTIMORE CITY,Republican,30326,imputed://linear_interpolation/2025_04
2025,4,BALTIMORE CO.,Republican,142128,imputed://linear_interpolation/2025_04
2025,4,CALVERT,Republican,29086,imputed://linear_interpolation/2025_04
2025,4,CAROLINE,Republican,11262,imputed://linear_interpolation/2025_04
2025,4,CARROLL,Republican,64818,imputed://linear_interpolation/2025_04
2025,4,CECIL,Republican,36079,imputed://linear_interpolation/2025_04
2025,4,CHARLES,Republican,23898,imputed://linear_interpolation/2025_04
2025,4,DORCHESTER,Republican,9706,imputed://linear_interpolation/2025_04
2025,4,FREDERICK,Republican,70122,imputed://linear_interpolation/2025_04
2025,4,GARRETT,Republican,14112,imputed://linear_interpolation/2025_04
2025,4,HARFORD,Republican,82626,imputed://linear_interpolation/2025_04
2025,4,HOWARD,Republican,49120,imputed://linear_interpolation/2025_04
2025,4,KENT,Republican,5563,imputed://linear_interpolation/2025_04
2025,4,MONTGOMERY,Republican,102726,imputed://linear_interpolation/2025_04
2025,4,PR. GEORGE'S,Republican,42614,imputed://linear_interpolation/2025_04
2025,4,QUEEN ANNE'S,Republican,20898,imputed://linear_interpolation/2025_04
2025,4,ST. MARY'S,Republican,33634,imputed://linear_interpolation/2025_04
2025,4,SOMERSET,Republican,6394,imputed://linear_interpolation/2025_04
2025,4,TALBOT,Republican,11747,imputed://linear_interpolation/2025_04
2025,4,WASHINGTON,Republican,45524,imputed://linear_interpolation/2025_04
2025,4,WICOMICO,Republican,24886,imputed://linear_interpolation/2025_04
2025,4,WORCESTER,Republican,20204,imputed://linear_interpolation/2025_04
2025,4,ALLEGANY,Green,55,imputed://linear_interpolation/2025_04
2025,4,ANNE ARUNDEL,Green,472,imputed://linear_interpolation/2025_04
2025,4,BALTIMORE CITY,Green,786,imputed://linear_interpolation/2025_04
2025,4,BALTIMORE CO.,Green,754,imputed://linear_interpolation/2025_04
2025,4,CALVERT,Green,65,imputed://linear_interpolation/2025_04
2025,4,CAROLINE,Green,27,imputed://linear_interpolation/2025_04
2025,4,CARROLL,Green,142,imputed://linear_interpolation/2025_04
2025,4,CECIL,Green,80,imputed://linear_interpolation/2025_04
2025,4,CHARLES,Green,128,imputed://linear_interpolation/2025_04
2025,4,DORCHESTER,Green,18,imputed://linear_interpolation/2025_04
2025,4,FREDERICK,Green,246,imputed://linear_interpolation/2025_04
2025,4,GARRETT,Green,17,imputed://linear_interpolation/2025_04
2025,4,HARFORD,Green,172,imputed://linear_interpolation/2025_04
2025,4,HOWARD,Green,306,imputed://linear_interpolation/2025_04
2025,4,KENT,Green,14,imputed://linear_interpolation/2025_04
2025,4,MONTGOMERY,Green,946,imputed://linear_interpolation/2025_04
2025,4,PR. GEORGE'S,Green,734,imputed://linear_interpolation/2025_04
2025,4,QUEEN ANNE'S,Green,48,imputed://linear_interpolation/2025_04
2025,4,ST. MARY'S,Green,70,imputed://linear_interpolation/2025_04
2025,4,SOMERSET,Green,18,imputed://linear_interpolation/2025_04
2025,4,TALBOT,Green,22,imputed://linear_interpolation/2025_04
2025,4,WASHINGTON,Green,134,imputed://linear_interpolation/2025_04
2025,4,WICOMICO,Green,72,imputed://linear_interpolation/2025_04
2025,4,WORCESTER,Green,44,imputed://linear_interpolation/2025_04
2025,4,ALLEGANY,Working Class,54,imputed://linear_interpolation/2025_04
2025,4,ANNE ARUNDEL,Working Class,256,imputed://linear_interpolation/2025_04
2025,4,BALTIMORE CITY,Working Class,414,imputed://linear_interpolation/2025_04
2025,4,BALTIMORE CO.,Working Class,420,imputed://linear_interpolation/2025_04
2025,4,CALVERT,Working Class,36,imputed://linear_interpolation/2025_04
2025,4,CAROLINE,Working Class,25,imputed://linear_interpolation/2025_04
2025,4,CARROLL,Working Class,66,imputed://linear_interpolation/2025_04
2025,4,CECIL,Working Class,74,imputed://linear_interpolation/2025_04
2025,4,CHARLES,Working Class,95,imputed://linear_interpolation/2025_04
2025,4,DORCHESTER,Working Class,24,imputed://linear_interpolation/2025_04
2025,4,FREDERICK,Working Class,118,imputed://linear_interpolation/2025_04
2025,4,GARRETT,Working Class,14,imputed://linear_interpolation/2025_04
2025,4,HARFORD,Working Class,140,imputed://linear_interpolation/2025_04
2025,4,HOWARD,Working Class,82,imputed://linear_interpolation/2025_04
2025,4,KENT,Working Class,10,imputed://linear_interpolation/2025_04
2025,4,MONTGOMERY,Working Class,260,imputed://linear_interpolation/2025_04
2025,4,PR. GEORGE'S,Working Class,375,imputed://linear_interpolation/2025_04
2025,4,QUEEN ANNE'S,Working Class,22,imputed://linear_interpolation/2025_04
2025,4,ST. MARY'S,Working Class,56,imputed://linear_interpolation/2025_04
2025,4,SOMERSET,Working Class,14,imputed://linear_interpolation/2025_04
2025,4,TALBOT,Working Class,7,imputed://linear_interpolation/2025_04
2025,4,WASHINGTON,Working Class,96,imputed://linear_interpolation/2025_04
2025,4,WICOMICO,Working Class,66,imputed://linear_interpolation/2025_04
2025,4,WORCESTER,Working Class,22,imputed://linear_interpolation/2025_04
2025,4,ALLEGANY,Unaffiliated,9140,imputed://linear_interpolation/2025_04
2025,4,ANNE ARUNDEL,Unaffiliated,107852,imputed://linear_interpolation/2025_04
2025,4,BALTIMORE CITY,Unaffiliated,67568,imputed://linear_interpolation/2025_04
2025,4,BALTIMORE CO.,Unaffiliated,123462,imputed://linear_interpolation/2025_04
2025,4,CALVERT,Unaffiliated,17000,imputed://linear_interpolation/2025_04
2025,4,CAROLINE,Unaffiliated,5050,imputed://linear_interpolation/2025_04
2025,4,CARROLL,Unaffiliated,31188,imputed://linear_interpolation/2025_04
2025,4,CECIL,Unaffiliated,17612,imputed://linear_interpolation/2025_04
2025,4,CHARLES,Unaffiliated,26181,imputed://linear_interpolation/2025_04
2025,4,DORCHESTER,Unaffiliated,4464,imputed://linear_interpolation/2025_04
2025,4,FREDERICK,Unaffiliated,56008,imputed://linear_interpolation/2025_04
2025,4,GARRETT,Unaffiliated,3177,imputed://linear_interpolation/2025_04
2025,4,HARFORD,Unaffiliated,46520,imputed://linear_interpolation/2025_04
2025,4,HOWARD,Unaffiliated,65252,imputed://linear_interpolation/2025_04
2025,4,KENT,Unaffiliated,2868,imputed://linear_interpolation/2025_04
2025,4,MONTGOMERY,Unaffiliated,181643,imputed://linear_interpolation/2025_04
2025,4,PR. GEORGE'S,Unaffiliated,106391,imputed://linear_interpolation/2025_04
2025,4,QUEEN ANNE'S,Unaffiliated,9163,imputed://linear_interpolation/2025_04
2025,4,ST. MARY'S,Unaffiliated,18686,imputed://linear_interpolation/2025_04
2025,4,SOMERSET,Unaffiliated,2614,imputed://linear_interpolation/2025_04
2025,4,TALBOT,Unaffiliated,6098,imputed://linear_interpolation/2025_04
2025,4,WASHINGTON,Unaffiliated,24838,imputed://linear_interpolation/2025_04
2025,4,WICOMICO,Unaffiliated,15608,imputed://linear_interpolation/2025_04
2025,4,WORCESTER,Unaffiliated,9437,imputed://linear_interpolation/2025_04
2025,4,ALLEGANY,Other,778,imputed://linear_interpolation/2025_04
2025,4,ANNE ARUNDEL,Other,6668,imputed://linear_interpolation/2025_04
2025,4,BALTIMORE CITY,Other,6826,imputed://linear_interpolation/2025_04
2025,4,BALTIMORE CO.,Other,10224,imputed://linear_interpolation/2025_04
2025,4,CALVERT,Other,1152,imputed://linear_interpolation/2025_04
2025,4,CAROLINE,Other,375,imputed://linear_interpolation/2025_04
2025,4,CARROLL,Other,2115,imputed://linear_interpolation/2025_04
2025,4,CECIL,Other,1342,imputed://linear_interpolation/2025_04
2025,4,CHARLES,Other,1692,imputed://linear_interpolation/2025_04
2025,4,DORCHESTER,Other,388,imputed://linear_interpolation/2025_04
2025,4,FREDERICK,Other,2941,imputed://linear_interpolation/2025_04
2025,4,GARRETT,Other,299,imputed://linear_interpolation/2025_04
2025,4,HARFORD,Other,3470,imputed://linear_interpolation/2025_04
2025,4,HOWARD,Other,3502,imputed://linear_interpolation/2025_04
2025,4,KENT,Other,212,imputed://linear_interpolation/2025_04
2025,4,MONTGOMERY,Other,9820,imputed://linear_interpolation/2025_04
2025,4,PR. GEORGE'S,Other,14200,imputed://linear_interpolation/2025_04
2025,4,QUEEN ANNE'S,Other,615,imputed://linear_interpolation/2025_04
2025,4,ST. MARY'S,Other,1278,imputed://linear_interpolation/2025_04
2025,4,SOMERSET,Other,240,imputed://linear_interpolation/2025_04
2025,4,TALBOT,Other,449,imputed://linear_interpolation/2025_04
2025,4,WASHINGTON,Other,1686,imputed://linear_interpolation/2025_04
2025,4,WICOMICO,Other,1284,imputed://linear_interpolation/2025_04
2025,4,WORCESTER,Other,800,imputed://linear_interpolation/2025_04
2026,1,ALLEGANY,Democratic,10755,imputed://linear_interpolation/2026_01
2026,1,ANNE ARUNDEL,Democratic,172288,imputed://linear_interpolation/2026_01
2026,1,BALTIMORE CITY,Democratic,298046,imputed://linear_interpolation/2026_01
2026,1,BALTIMORE CO.,Democratic,306154,imputed://linear_interpolation/2026_01
2026,1,CALVERT,Democratic,23188,imputed://linear_interpolation/2026_01
2026,1,CAROLINE,Democratic,5894,imputed://linear_interpolation/2026_01
2026,1,CARROLL,Democratic,32867,imputed://linear_interpolation/2026_01
2026,1,CECIL,Democratic,18670,imputed://linear_interpolation/2026_01
2026,1,CHARLES,Democratic,76940,imputed://linear_interpolation/2026_01
2026,1,DORCHESTER,Democratic,9414,imputed://linear_interpolation/2026_01
2026,1,FREDERICK,Democratic,78070,imputed://linear_interpolation/2026_01
2026,1,GARRETT,Democratic,3388,imputed://linear_interpolation/2026_01
2026,1,HARFORD,Democratic,64257,imputed://linear_interpolation/2026_01
2026,1,HOWARD,Democratic,122704,imputed://linear_interpolation/2026_01
2026,1,KENT,Democratic,5591,imputed://linear_interpolation/2026_01
2026,1,MONTGOMERY,Democratic,403620,imputed://linear_interpolation/2026_01
2026,1,PR. GEORGE'S,Democratic,456120,imputed://linear_interpolation/2026_01
2026,1,QUEEN ANNE'S,Democratic,11232,imputed://linear_interpolation/2026_01
2026,1,ST. MARY'S,Democratic,24829,imputed://linear_interpolation/2026_01
2026,1,SOMERSET,Democratic,5322,imputed://linear_interpolation/2026_01
2026,1,TALBOT,Democratic,10364,imputed://linear_interpolation/2026_01
2026,1,WASHINGTON,Democratic,30391,imputed://linear_interpolation/2026_01
2026,1,WICOMICO,Democratic,25922,imputed://linear_interpolation/2026_01
2026,1,WORCESTER,Democratic,13432,imputed://linear_interpolation/2026_01
2026,1,ALLEGANY,Republican,23720,imputed://linear_interpolation/2026_01
2026,1,ANNE ARUNDEL,Republican,129464,imputed://linear_interpolation/2026_01
2026,1,BALTIMORE CITY,Republican,29931,imputed://linear_interpolation/2026_01
2026,1,BALTIMORE CO.,Republican,140347,imputed://linear_interpolation/2026_01
2026,1,CALVERT,Republican,28846,imputed://linear_interpolation/2026_01
2026,1,CAROLINE,Republican,11325,imputed://linear_interpolation/2026_01
2026,1,CARROLL,Republican,64210,imputed://linear_interpolation/2026_01
2026,1,CECIL,Republican,35959,imputed://linear_interpolation/2026_01
2026,1,CHARLES,Republican,23518,imputed://linear_interpolation/2026_01
2026,1,DORCHESTER,Republican,9734,imputed://linear_interpolation/2026_01
2026,1,FREDERICK,Republican,68679,imputed://linear_interpolation/2026_01
2026,1,GARRETT,Republican,14073,imputed://linear_interpolation/2026_01
2026,1,HARFORD,Republican,82444,imputed://linear_interpolation/2026_01
2026,1,HOWARD,Republican,48049,imputed://linear_interpolation/2026_01
2026,1,KENT,Republican,5584,imputed://linear_interpolation/2026_01
2026,1,MONTGOMERY,Republican,100508,imputed://linear_interpolation/2026_01
2026,1,PR. GEORGE'S,Republican,41906,imputed://linear_interpolation/2026_01
2026,1,QUEEN ANNE'S,Republican,20872,imputed://linear_interpolation/2026_01
2026,1,ST. MARY'S,Republican,33426,imputed://linear_interpolation/2026_01
2026,1,SOMERSET,Republican,6372,imputed://linear_interpolation/2026_01
2026,1,TALBOT,Republican,11722,imputed://linear_interpolation/2026_01
2026,1,WASHINGTON,Republican,45137,imputed://linear_interpolation/2026_01
2026,1,WICOMICO,Republican,24674,imputed://linear_interpolation/2026_01
2026,1,WORCESTER,Republican,20242,imputed://linear_interpolation/2026_01
2026,1,ALLEGANY,Green,62,imputed://linear_interpolation/2026_01
2026,1,ANNE ARUNDEL,Green,526,imputed://linear_interpolation/2026_01
2026,1,BALTIMORE CITY,Green,843,imputed://linear_interpolation/2026_01
2026,1,BALTIMORE CO.,Green,818,imputed://linear_interpolation/2026_01
2026,1,CALVERT,Green,67,imputed://linear_interpolation/2026_01
2026,1,CAROLINE,Green,34,imputed://linear_interpolation/2026_01
2026,1,CARROLL,Green,154,imputed://linear_interpolation/2026_01
2026,1,CECIL,Green,84,imputed://linear_interpolation/2026_01
2026,1,CHARLES,Green,140,imputed://linear_interpolation/2026_01
2026,1,DORCHESTER,Green,21,imputed://linear_interpolation/2026_01
2026,1,FREDERICK,Green,276,imputed://linear_interpolation/2026_01
2026,1,GARRETT,Green,22,imputed://linear_interpolation/2026_01
2026,1,HARFORD,Green,202,imputed://linear_interpolation/2026_01
2026,1,HOWARD,Green,330,imputed://linear_interpolation/2026_01
2026,1,KENT,Green,16,imputed://linear_interpolation/2026_01
2026,1,MONTGOMERY,Green,1066,imputed://linear_interpolation/2026_01
2026,1,PR. GEORGE'S,Green,820,imputed://linear_interpolation/2026_01
2026,1,QUEEN ANNE'S,Green,45,imputed://linear_interpolation/2026_01
2026,1,ST. MARY'S,Green,76,imputed://linear_interpolation/2026_01
2026,1,SOMERSET,Green,21,imputed://linear_interpolation/2026_01
2026,1,TALBOT,Green,22,imputed://linear_interpolation/2026_01
2026,1,WASHINGTON,Green,149,imputed://linear_interpolation/2026_01
2026,1,WICOMICO,Green,84,imputed://linear_interpolation/2026_01
2026,1,WORCESTER,Green,48,imputed://linear_interpolation/2026_01
2026,1,ALLEGANY,Working Class,79,imputed://linear_interpolation/2026_01
2026,1,ANNE ARUNDEL,Working Class,365,imputed://linear_interpolation/2026_01
2026,1,BALTIMORE CITY,Working Class,658,imputed://linear_interpolation/2026_01
2026,1,BALTIMORE CO.,Working Class,628,imputed://linear_interpolation/2026_01
2026,1,CALVERT,Working Class,54,imputed://linear_interpolation/2026_01
2026,1,CAROLINE,Working Class,31,imputed://linear_interpolation/2026_01
2026,1,CARROLL,Working Class,102,imputed://linear_interpolation/2026_01
2026,1,CECIL,Working Class,112,imputed://linear_interpolation/2026_01
2026,1,CHARLES,Working Class,136,imputed://linear_interpolation/2026_01
2026,1,DORCHESTER,Working Class,34,imputed://linear_interpolation/2026_01
2026,1,FREDERICK,Working Class,180,imputed://linear_interpolation/2026_01
2026,1,GARRETT,Working Class,16,imputed://linear_interpolation/2026_01
2026,1,HARFORD,Working Class,202,imputed://linear_interpolation/2026_01
2026,1,HOWARD,Working Class,116,imputed://linear_interpolation/2026_01
2026,1,KENT,Working Class,14,imputed://linear_interpolation/2026_01
2026,1,MONTGOMERY,Working Class,436,imputed://linear_interpolation/2026_01
2026,1,PR. GEORGE'S,Working Class,596,imputed://linear_interpolation/2026_01
2026,1,QUEEN ANNE'S,Working Class,38,imputed://linear_interpolation/2026_01
2026,1,ST. MARY'S,Working Class,74,imputed://linear_interpolation/2026_01
2026,1,SOMERSET,Working Class,22,imputed://linear_interpolation/2026_01
2026,1,TALBOT,Working Class,15,imputed://linear_interpolation/2026_01
2026,1,WASHINGTON,Working Class,130,imputed://linear_interpolation/2026_01
2026,1,WICOMICO,Working Class,108,imputed://linear_interpolation/2026_01
2026,1,WORCESTER,Working Class,30,imputed://linear_interpolation/2026_01
2026,1,ALLEGANY,Unaffiliated,9470,imputed://linear_interpolation/2026_01
2026,1,ANNE ARUNDEL,Unaffiliated,110676,imputed://linear_interpolation/2026_01
2026,1,BALTIMORE CITY,Unaffiliated,70552,imputed://linear_interpolation/2026_01
2026,1,BALTIMORE CO.,Unaffiliated,127356,imputed://linear_interpolation/2026_01
2026,1,CALVERT,Unaffiliated,17411,imputed://linear_interpolation/2026_01
2026,1,CAROLINE,Unaffiliated,5216,imputed://linear_interpolation/2026_01
2026,1,CARROLL,Unaffiliated,31905,imputed://linear_interpolation/2026_01
2026,1,CECIL,Unaffiliated,18010,imputed://linear_interpolation/2026_01
2026,1,CHARLES,Unaffiliated,27260,imputed://linear_interpolation/2026_01
2026,1,DORCHESTER,Unaffiliated,4600,imputed://linear_interpolation/2026_01
2026,1,FREDERICK,Unaffiliated,56979,imputed://linear_interpolation/2026_01
2026,1,GARRETT,Unaffiliated,3308,imputed://linear_interpolation/2026_01
2026,1,HARFORD,Unaffiliated,47768,imputed://linear_interpolation/2026_01
2026,1,HOWARD,Unaffiliated,67358,imputed://linear_interpolation/2026_01
2026,1,KENT,Unaffiliated,2964,imputed://linear_interpolation/2026_01
2026,1,MONTGOMERY,Unaffiliated,187180,imputed://linear_interpolation/2026_01
2026,1,PR. GEORGE'S,Unaffiliated,111686,imputed://linear_interpolation/2026_01
2026,1,QUEEN ANNE'S,Unaffiliated,9400,imputed://linear_interpolation/2026_01
2026,1,ST. MARY'S,Unaffiliated,19240,imputed://linear_interpolation/2026_01
2026,1,SOMERSET,Unaffiliated,2736,imputed://linear_interpolation/2026_01
2026,1,TALBOT,Unaffiliated,6268,imputed://linear_interpolation/2026_01
2026,1,WASHINGTON,Unaffiliated,25758,imputed://linear_interpolation/2026_01
2026,1,WICOMICO,Unaffiliated,16122,imputed://linear_interpolation/2026_01
2026,1,WORCESTER,Unaffiliated,9632,imputed://linear_interpolation/2026_01
2026,1,ALLEGANY,Other,753,imputed://linear_interpolation/2026_01
2026,1,ANNE ARUNDEL,Other,6750,imputed://linear_interpolation/2026_01
2026,1,BALTIMORE CITY,Other,6810,imputed://linear_interpolation/2026_01
2026,1,BALTIMORE CO.,Other,10027,imputed://linear_interpolation/2026_01
2026,1,CALVERT,Other,1126,imputed://linear_interpolation/2026_01
2026,1,CAROLINE,Other,367,imputed://linear_interpolation/2026_01
2026,1,CARROLL,Other,2020,imputed://linear_interpolation/2026_01
2026,1,CECIL,Other,1284,imputed://linear_interpolation/2026_01
2026,1,CHARLES,Other,1652,imputed://linear_interpolation/2026_01
2026,1,DORCHESTER,Other,391,imputed://linear_interpolation/2026_01
2026,1,FREDERICK,Other,2802,imputed://linear_interpolation/2026_01
2026,1,GARRETT,Other,292,imputed://linear_interpolation/2026_01
2026,1,HARFORD,Other,3366,imputed://linear_interpolation/2026_01
2026,1,HOWARD,Other,3425,imputed://linear_interpolation/2026_01
2026,1,KENT,Other,214,imputed://linear_interpolation/2026_01
2026,1,MONTGOMERY,Other,9574,imputed://linear_interpolation/2026_01
2026,1,PR. GEORGE'S,Other,14093,imputed://linear_interpolation/2026_01
2026,1,QUEEN ANNE'S,Other,600,imputed://linear_interpolation/2026_01
2026,1,ST. MARY'S,Other,1212,imputed://linear_interpolation/2026_01
2026,1,SOMERSET,Other,233,imputed://linear_interpolation/2026_01
2026,1,TALBOT,Other,432,imputed://linear_interpolation/2026_01
2026,1,WASHINGTON,Other,1644,imputed://linear_interpolation/2026_01
2026,1,WICOMICO,Other,1264,imputed://linear_interpolation/2026_01
2026,1,WORCESTER,Other,779,imputed://linear_interpolation/2026_01
